brand,model,model_year,list_price,color,configration,condition,body_type,wheel_config,transmission,fuel_type,mileage,carfax_link,vin_number,image_link,dealer_address
Ford,Escape,2022,42368,Silver,SE Hybrid,New,"SUV, Crossover",Other,Automatic,Other,0,,,,"940 Kingston Road, Pickering, ON, L1V 1B3"
Acura,TLX,2019,33590,Blue,Tech A-Spec,Used,Sedan,Front-wheel drive (FWD),Automatic,Other,74687,,,,"55 Auction Ln, Brampton, ON, L6T 5V8"
Hyundai,Veloster,2012,8995,Silver,GRAND DLX NAVI BLUETOOTH CAMERA PARK ASSIST PANO ROOF,Used,Hatchback,Front-wheel drive (FWD),Automatic,Gasoline,171000,https://www.carproof.com/order?ref=kijiji&vin=KMHTC6AD8CU025892,KMHTC6AD8CU025892,,"1830 Lawrence Avenue East, Toronto, ON, M1R 2Y2"
Mercedes-Benz,Other,2019,79800,Black,"AMG CLS53 S, 429 HP, DISTRONIC PLUS, AMG PKG,",Used,Sedan,All-wheel drive (AWD),Automatic,Other,77591,https://www.carproof.com/order?ref=kijiji&vin=WDD2J6BB1KA029498,WDD2J6BB1KA029498,,"60 Martin Ross Avenue, Toronto, ON, M3J 2L4"
Audi,Q5,2013,18800,Black,2.0L Premium,Used,"SUV, Crossover",All-wheel drive (AWD),Automatic,Gasoline,125000,https://www.carproof.com/order?ref=kijiji&vin=wa1mfcfp9da004225,wa1mfcfp9da004225,,"Blackwater Crescent, Toronto, ON M1B 1L5, Canada"
Jaguar,XF,2010,9999,Blue,R,Used,Sedan,Rear-wheel drive (RWD),Automatic,Gasoline,208476,,,,"Keele Street, North York, ON"
Honda,CR-V,2006,2500,Grey,Awd,Used,"SUV, Crossover",All-wheel drive (AWD),Automatic,Gasoline,370000,,,,"Martin Grove Road, Etobicoke, ON"
Other,Other,2022,41863,White,Comfortline,New,"SUV, Crossover",All-wheel drive (AWD),Automatic,Gasoline,0,,,,"3450 Sheppard Avenue East, Toronto, ON, M1T 3K4"
Volvo,XC60,2015,20995,Grey,T5 Premier,Used,"SUV, Crossover",All-wheel drive (AWD),Automatic,Gasoline,154370,,,,"Vaughan, ON L4J 0H2"
Nissan,370Z,2015,47777,Red,NISMO TECH 350HP |NAV|CAMERA|6SPEED.MANUAL|15KM,Used,Coupe (2 door),Rear-wheel drive (RWD),Manual,Gasoline,15200,https://www.carproof.com/order?ref=kijiji&vin=JN1AZ4EH1FM440359,JN1AZ4EH1FM440359,,"1323 Kennedy Road, Scarborough, ON, M1P 2L6"
Toyota,Corolla,2003,2550,Silver,ce,Used,Sedan,Front-wheel drive (FWD),Automatic,Gasoline,2999,,,,"North York, ON M3J"
Chevrolet,Colorado,2021,45000,White,WT,Used,Pickup Truck,Rear-wheel drive (RWD),Automatic,Gasoline,15000,,,,"Toronto, ON, M6K, CA"
Mercedes-Benz,CLS-Class,2008,12000,,,Used,Sedan,Rear-wheel drive (RWD),Automatic,Gasoline,212000,,,,"Woodbine Ave, Markham, ON L3R 3V7, Canada"
Other,Other,2022,29963,Silver,Comfortline,New,Sedan,Front-wheel drive (FWD),Automatic,Gasoline,0,,,,"3450 Sheppard Avenue East, Toronto, ON, M1T 3K4"
Lexus,LX,2019,110777,Black,LX 570 EXECUTIVE |NAV|360CAM|BLINDSPT|DVD|HUD|ADAPTIV|8PASS,Used,"SUV, Crossover",All-wheel drive (AWD),Automatic,Gasoline,39000,https://www.carproof.com/order?ref=kijiji&vin=JTJHY7AX0K4307632,JTJHY7AX0K4307632,,"1323 Kennedy Road, Scarborough, ON, M1P 2L6"
BMW,X5,2008,3500,,3,Used,"SUV, Crossover",,,,160000,,,,"Scarborough, ON M1P 4P5"
Mercedes-Benz,E-Class,2007,4685,,,Used,Sedan,,,,247000,,,,"Toronto, ON M3J3J7"
Dodge,Charger,2021,45671,Grey,GT,Used,Sedan,Rear-wheel drive (RWD),Automatic,Gasoline,64397,https://www.carproof.com/order?ref=kijiji&vin=2C3CDXHG9MH501812,2C3CDXHG9MH501812,,"935 Woodlawn Road West, Guelph, ON, N1K 1B7"
Scion,tC,2012,13995,Yellow,Release Series 7.0 TRD Edition *6-Speed*,Used,Coupe (2 door),Front-wheel drive (FWD),Manual,Other,106472,https://www.carproof.com/order?ref=kijiji&vin=JTKJF5C7XC3026741,JTKJF5C7XC3026741,,"475 Kennedy Rd, Scarborough, ON, M1K 2A9"
Dodge,Challenger,2016,25880,Blue,SXT | V6 3.6L | P. GOURPS | BLUE TOOTH |,Used,Coupe (2 door),Rear-wheel drive (RWD),Automatic,Other,148828,https://www.carproof.com/order?ref=kijiji&vin=2C3CDZAG3GH264115,2C3CDZAG3GH264115,,"1882 Lawrence Avenue East, Scarborough, ON, M1R 2Y5"
BMW,3-Series,2020,51900,White,XDrive Sedan | M Sport Edition | Low KMS,Used,Sedan,Other,Automatic,Other,21798,https://www.carproof.com/order?ref=kijiji&vin=3MW5R7J00L8B12016,3MW5R7J00L8B12016,,"11 Sunlight Park Road, Toronto, ON, M4M 1B5"
Audi,Q5,2013,18800,Black,2.0L Premium,Used,"SUV, Crossover",All-wheel drive (AWD),Automatic,Gasoline,125000,https://www.carproof.com/order?ref=kijiji&vin=wa1mfcfp9da004225,wa1mfcfp9da004225,,"Blackwater Crescent, Toronto, ON M1B 1L5, Canada"
Jaguar,XF,2010,9999,Blue,R,Used,Sedan,Rear-wheel drive (RWD),Automatic,Gasoline,208476,,,,"Keele Street, North York, ON"
Honda,CR-V,2006,2500,Grey,Awd,Used,"SUV, Crossover",All-wheel drive (AWD),Automatic,Gasoline,370000,,,,"Martin Grove Road, Etobicoke, ON"
Other,Other,2022,41863,White,Comfortline,New,"SUV, Crossover",All-wheel drive (AWD),Automatic,Gasoline,0,,,,"3450 Sheppard Avenue East, Toronto, ON, M1T 3K4"
Volvo,XC60,2015,20995,Grey,T5 Premier,Used,"SUV, Crossover",All-wheel drive (AWD),Automatic,Gasoline,154370,,,,"Vaughan, ON L4J 0H2"
Nissan,370Z,2015,47777,Red,NISMO TECH 350HP |NAV|CAMERA|6SPEED.MANUAL|15KM,Used,Coupe (2 door),Rear-wheel drive (RWD),Manual,Gasoline,15200,https://www.carproof.com/order?ref=kijiji&vin=JN1AZ4EH1FM440359,JN1AZ4EH1FM440359,,"1323 Kennedy Road, Scarborough, ON, M1P 2L6"
Toyota,Corolla,2003,2550,Silver,ce,Used,Sedan,Front-wheel drive (FWD),Automatic,Gasoline,2999,,,,"North York, ON M3J"
Chevrolet,Colorado,2021,45000,White,WT,Used,Pickup Truck,Rear-wheel drive (RWD),Automatic,Gasoline,15000,,,,"Toronto, ON, M6K, CA"
Mercedes-Benz,CLS-Class,2008,12000,,,Used,Sedan,Rear-wheel drive (RWD),Automatic,Gasoline,212000,,,,"Woodbine Ave, Markham, ON L3R 3V7, Canada"
Other,Other,2022,29963,Silver,Comfortline,New,Sedan,Front-wheel drive (FWD),Automatic,Gasoline,0,,,,"3450 Sheppard Avenue East, Toronto, ON, M1T 3K4"
Lexus,LX,2019,110777,Black,LX 570 EXECUTIVE |NAV|360CAM|BLINDSPT|DVD|HUD|ADAPTIV|8PASS,Used,"SUV, Crossover",All-wheel drive (AWD),Automatic,Gasoline,39000,https://www.carproof.com/order?ref=kijiji&vin=JTJHY7AX0K4307632,JTJHY7AX0K4307632,,"1323 Kennedy Road, Scarborough, ON, M1P 2L6"
BMW,X5,2008,3500,,3,Used,"SUV, Crossover",,,,160000,,,,"Scarborough, ON M1P 4P5"
,,0,0,,,,,,,,0,,,,
,,0,0,,,,,,,,0,,,,
Porsche,Macan,2015,49800,White,"Turbo, 400HP, SPORT CHRONO, NAV, CAM",Used,"SUV, Crossover",All-wheel drive (AWD),Automatic,Other,97635,https://www.carproof.com/order?ref=kijiji&vin=WP1AF1A51FLB98533,WP1AF1A51FLB98533,,"60 Martin Ross Avenue, Toronto, ON, M3J 2L4"
Chevrolet,Corvette,2021,129800,Red,"Stingray Coupe , 490HP, BOSE, RED CALIPERS",Used,Coupe (2 door),Rear-wheel drive (RWD),Automatic,Other,4453,https://www.carproof.com/order?ref=kijiji&vin=1G1YA2D43M5109644,1G1YA2D43M5109644,,"60 Martin Ross Avenue, Toronto, ON, M3J 2L4"
BMW,3-Series,2015,21998,White,MINT CONDITION| ROOF | CLEAN CARFAX | HEATED SEATS |PDC|AWD,Used,Sedan,All-wheel drive (AWD),Automatic,Other,107240,https://www.carproof.com/order?ref=kijiji&vin=WBA3C3G59FNT52882,WBA3C3G59FNT52882,,"1882 Lawrence Avenue East, Scarborough, ON, M1R 2Y5"
Audi,Q5,2013,18800,Black,2.0L Premium,Used,"SUV, Crossover",All-wheel drive (AWD),Automatic,Gasoline,125000,https://www.carproof.com/order?ref=kijiji&vin=wa1mfcfp9da004225,wa1mfcfp9da004225,,"Blackwater Crescent, Toronto, ON M1B 1L5, Canada"
Jaguar,XF,2010,9999,Blue,R,Used,Sedan,Rear-wheel drive (RWD),Automatic,Gasoline,208476,,,,"Keele Street, North York, ON"
Honda,CR-V,2006,2500,Grey,Awd,Used,"SUV, Crossover",All-wheel drive (AWD),Automatic,Gasoline,370000,,,,"Martin Grove Road, Etobicoke, ON"
Other,Other,2022,41863,White,Comfortline,New,"SUV, Crossover",All-wheel drive (AWD),Automatic,Gasoline,0,,,,"3450 Sheppard Avenue East, Toronto, ON, M1T 3K4"
Volvo,XC60,2015,20995,Grey,T5 Premier,Used,"SUV, Crossover",All-wheel drive (AWD),Automatic,Gasoline,154370,,,,"Vaughan, ON L4J 0H2"
Nissan,370Z,2015,47777,Red,NISMO TECH 350HP |NAV|CAMERA|6SPEED.MANUAL|15KM,Used,Coupe (2 door),Rear-wheel drive (RWD),Manual,Gasoline,15200,https://www.carproof.com/order?ref=kijiji&vin=JN1AZ4EH1FM440359,JN1AZ4EH1FM440359,,"1323 Kennedy Road, Scarborough, ON, M1P 2L6"
Toyota,Corolla,2003,2550,Silver,ce,Used,Sedan,Front-wheel drive (FWD),Automatic,Gasoline,2999,,,,"North York, ON M3J"
Chevrolet,Colorado,2021,45000,White,WT,Used,Pickup Truck,Rear-wheel drive (RWD),Automatic,Gasoline,15000,,,,"Toronto, ON, M6K, CA"
Mercedes-Benz,CLS-Class,2008,12000,,,Used,Sedan,Rear-wheel drive (RWD),Automatic,Gasoline,212000,,,,"Woodbine Ave, Markham, ON L3R 3V7, Canada"
Other,Other,2022,29963,Silver,Comfortline,New,Sedan,Front-wheel drive (FWD),Automatic,Gasoline,0,,,,"3450 Sheppard Avenue East, Toronto, ON, M1T 3K4"
Lexus,LX,2019,110777,Black,LX 570 EXECUTIVE |NAV|360CAM|BLINDSPT|DVD|HUD|ADAPTIV|8PASS,Used,"SUV, Crossover",All-wheel drive (AWD),Automatic,Gasoline,39000,https://www.carproof.com/order?ref=kijiji&vin=JTJHY7AX0K4307632,JTJHY7AX0K4307632,,"1323 Kennedy Road, Scarborough, ON, M1P 2L6"
Ford,Focus,2016,17290,Black,"SE w/ Navi, SYNC 3, Moonroof",Used,Sedan,Front-wheel drive (FWD),Automatic,Other,34009,,,,"12 Goldthorne, Etobicoke, ON, M8Z5S8"
Porsche,Macan,2017,48990,White,Base,Used,"SUV, Crossover",All-wheel drive (AWD),Automatic,Other,54120,https://www.carproof.com/order?ref=kijiji&vin=WP1AA2A52HLB06188,WP1AA2A52HLB06188,,"55 Auction Ln, Brampton, ON, L6T 5V8"
Audi,A3,2015,21990,Black,4dr Sdn quattro 2.0T Progressiv,Used,Sedan,All-wheel drive (AWD),Automatic,Other,143000,https://www.carproof.com/order?ref=kijiji&vin=WAUJFRFFXF1017407,WAUJFRFFXF1017407,,"3569 St. Clair Ave. E, Scarborough, ON, M1K 1L8"
BMW,7-Series,2020,99800,Black,"750i xDrive, 523HP, EXEC PKG, MSPORT, DRIVING AST",Used,Sedan,All-wheel drive (AWD),Automatic,Other,2515,https://www.carproof.com/order?ref=kijiji&vin=WBA7R8C08LBM58406,WBA7R8C08LBM58406,,"60 Martin Ross Avenue, Toronto, ON, M3J 2L4"
Nissan,370Z,2019,51800,White,"NISMO, 350HP, MANUAL, HEATED, NAV, BUCKET SEAT,",Used,Coupe (2 door),Rear-wheel drive (RWD),Manual,Other,35135,https://www.carproof.com/order?ref=kijiji&vin=JN1AZ4EH4KM420388,JN1AZ4EH4KM420388,,"60 Martin Ross Avenue, Toronto, ON, M3J 2L4"
Audi,Q5,2013,18800,Black,2.0L Premium,Used,"SUV, Crossover",All-wheel drive (AWD),Automatic,Gasoline,125000,https://www.carproof.com/order?ref=kijiji&vin=wa1mfcfp9da004225,wa1mfcfp9da004225,,"Blackwater Crescent, Toronto, ON M1B 1L5, Canada"
Jaguar,XF,2010,9999,Blue,R,Used,Sedan,Rear-wheel drive (RWD),Automatic,Gasoline,208476,,,,"Keele Street, North York, ON"
BMW,X5,2019,58895,Black,APPLE CARPLAY | NAVI | PANO | CAMERA,Used,"SUV, Crossover",All-wheel drive (AWD),Automatic,Gasoline,89102,https://www.carproof.com/order?ref=kijiji&vin=5UXCR6C56KLK80634,5UXCR6C56KLK80634,,"2430 Finch Ave West,, North York, ON, M9M 2E1"
Honda,CR-V,2006,2500,Grey,Awd,Used,"SUV, Crossover",All-wheel drive (AWD),Automatic,Gasoline,370000,,,,"Martin Grove Road, Etobicoke, ON"
Other,Other,2022,41863,White,Comfortline,New,"SUV, Crossover",All-wheel drive (AWD),Automatic,Gasoline,0,,,,"3450 Sheppard Avenue East, Toronto, ON, M1T 3K4"
Volvo,XC60,2015,20995,Grey,T5 Premier,Used,"SUV, Crossover",All-wheel drive (AWD),Automatic,Gasoline,154370,,,,"Vaughan, ON L4J 0H2"
Nissan,370Z,2015,47777,Red,NISMO TECH 350HP |NAV|CAMERA|6SPEED.MANUAL|15KM,Used,Coupe (2 door),Rear-wheel drive (RWD),Manual,Gasoline,15200,https://www.carproof.com/order?ref=kijiji&vin=JN1AZ4EH1FM440359,JN1AZ4EH1FM440359,,"1323 Kennedy Road, Scarborough, ON, M1P 2L6"
Toyota,Corolla,2003,2550,Silver,ce,Used,Sedan,Front-wheel drive (FWD),Automatic,Gasoline,2999,,,,"North York, ON M3J"
Chevrolet,Colorado,2021,45000,White,WT,Used,Pickup Truck,Rear-wheel drive (RWD),Automatic,Gasoline,15000,,,,"Toronto, ON, M6K, CA"
Mercedes-Benz,CLS-Class,2008,12000,,,Used,Sedan,Rear-wheel drive (RWD),Automatic,Gasoline,212000,,,,"Woodbine Ave, Markham, ON L3R 3V7, Canada"
BMW,4-Series,2020,43800,White,"430i xDrive, COUPE, M-SPORT, NAV, CAM",Used,Coupe (2 door),All-wheel drive (AWD),Automatic,Other,38343,https://www.carproof.com/order?ref=kijiji&vin=WBA4W5C02LFH93053,WBA4W5C02LFH93053,,"60 Martin Ross Avenue, Toronto, ON, M3J 2L4"
Ford,Escape,2014,19995,Grey,SE 4x4 Nav Panoroof Leather Cam Chrome Certified,Used,"SUV, Crossover",4 x 4,Automatic,Gasoline,61973,,,,"1749 Weston Rd, Toronto, ON, M9N 1V5"
Land Rover,Range Rover,2019,129995,Black,LONG|V8SUPERCHARGED|RECLINESEATS|NAV|MERIDIAN|360|,Used,"SUV, Crossover",4 x 4,Automatic,Other,51757,https://www.carproof.com/order?ref=kijiji&vin=SALGS5RE6KA539796,SALGS5RE6KA539796,,"100 Toro Road, North York, ON, M3J 2A9"
Mercedes-Benz,E-Class,2020,159800,White,"AMG E63 S, 603 HP, CARBON FIBER PKG, NAV, PANO",Used,Wagon,All-wheel drive (AWD),Automatic,Other,11000,https://www.carproof.com/order?ref=kijiji&vin=WDDZH8KB3LA752017,WDDZH8KB3LA752017,,"60 Martin Ross Avenue, Toronto, ON, M3J 2L4"
Chevrolet,Trailblazer,2022,28435,Other,LT,New,"SUV, Crossover",Front-wheel drive (FWD),,Gasoline,0,,,,"1900 Victoria Park Avenue, Toronto, ON, M1R 1T6"
Audi,Q5,2013,18800,Black,2.0L Premium,Used,"SUV, Crossover",All-wheel drive (AWD),Automatic,Gasoline,125000,https://www.carproof.com/order?ref=kijiji&vin=wa1mfcfp9da004225,wa1mfcfp9da004225,,"Blackwater Crescent, Toronto, ON M1B 1L5, Canada"
Jaguar,XF,2010,9999,Blue,R,Used,Sedan,Rear-wheel drive (RWD),Automatic,Gasoline,208476,,,,"Keele Street, North York, ON"
,,0,0,,,,,,,,0,,,,
,,0,0,,,,,,,,0,,,,
,,0,0,,,,,,,,0,,,,
,,0,0,,,,,,,,0,,,,
Nissan,370Z,2015,47777,Red,NISMO TECH 350HP |NAV|CAMERA|6SPEED.MANUAL|15KM,Used,Coupe (2 door),Rear-wheel drive (RWD),Manual,Gasoline,15200,https://www.carproof.com/order?ref=kijiji&vin=JN1AZ4EH1FM440359,JN1AZ4EH1FM440359,,"1323 Kennedy Road, Scarborough, ON, M1P 2L6"
Toyota,Corolla,2003,2550,Silver,ce,Used,Sedan,Front-wheel drive (FWD),Automatic,Gasoline,2999,,,,"North York, ON M3J"
Chevrolet,Colorado,2021,45000,White,WT,Used,Pickup Truck,Rear-wheel drive (RWD),Automatic,Gasoline,15000,,,,"Toronto, ON, M6K, CA"
Mercedes-Benz,CLS-Class,2008,12000,,,Used,Sedan,Rear-wheel drive (RWD),Automatic,Gasoline,212000,,,,"Woodbine Ave, Markham, ON L3R 3V7, Canada"
Jeep,Compass,2018,28988,White,LATITUDE |4X4|NAV|HEATED SEATS|R.STARTER|CLEAN CAR,Used,"SUV, Crossover",4 x 4,Automatic,Gasoline,40805,https://www.carproof.com/order?ref=kijiji&vin=3C4NJDBB8JT141111,3C4NJDBB8JT141111,,"425 Signet Drive, Toronto, ON, M9L 1V5"
Volkswagen,Passat,2016,17990,White,Highline,Used,Sedan,Front-wheel drive (FWD),Automatic,Other,149543,,,,"55 Auction Ln, Brampton, ON, L6T 5V8"
Infiniti,G35x,2006,3495,Black,V6|AWD|BOSE|ALLOYS|SUNROOF|LEATHER|HEATEDSEATS|+,Used,Sedan,All-wheel drive (AWD),Automatic,Other,264425,,,,"100 Toro Road, North York, ON, M3J 2A9"
Audi,Q5,2013,18800,Black,2.0L Premium,Used,"SUV, Crossover",All-wheel drive (AWD),Automatic,Gasoline,125000,https://www.carproof.com/order?ref=kijiji&vin=wa1mfcfp9da004225,wa1mfcfp9da004225,,"Blackwater Crescent, Toronto, ON M1B 1L5, Canada"
Jaguar,XF,2010,9999,Blue,R,Used,Sedan,Rear-wheel drive (RWD),Automatic,Gasoline,208476,,,,"Keele Street, North York, ON"
BMW,X5,2019,58895,Black,APPLE CARPLAY | NAVI | PANO | CAMERA,Used,"SUV, Crossover",All-wheel drive (AWD),Automatic,Gasoline,89102,https://www.carproof.com/order?ref=kijiji&vin=5UXCR6C56KLK80634,5UXCR6C56KLK80634,,"2430 Finch Ave West,, North York, ON, M9M 2E1"
Honda,CR-V,2006,2500,Grey,Awd,Used,"SUV, Crossover",All-wheel drive (AWD),Automatic,Gasoline,370000,,,,"Martin Grove Road, Etobicoke, ON"
Other,Other,2022,41863,White,Comfortline,New,"SUV, Crossover",All-wheel drive (AWD),Automatic,Gasoline,0,,,,"3450 Sheppard Avenue East, Toronto, ON, M1T 3K4"
Volvo,XC60,2015,20995,Grey,T5 Premier,Used,"SUV, Crossover",All-wheel drive (AWD),Automatic,Gasoline,154370,,,,"Vaughan, ON L4J 0H2"
Nissan,370Z,2015,47777,Red,NISMO TECH 350HP |NAV|CAMERA|6SPEED.MANUAL|15KM,Used,Coupe (2 door),Rear-wheel drive (RWD),Manual,Gasoline,15200,https://www.carproof.com/order?ref=kijiji&vin=JN1AZ4EH1FM440359,JN1AZ4EH1FM440359,,"1323 Kennedy Road, Scarborough, ON, M1P 2L6"
Toyota,Corolla,2003,2550,Silver,ce,Used,Sedan,Front-wheel drive (FWD),Automatic,Gasoline,2999,,,,"North York, ON M3J"
Chevrolet,Colorado,2021,45000,White,WT,Used,Pickup Truck,Rear-wheel drive (RWD),Automatic,Gasoline,15000,,,,"Toronto, ON, M6K, CA"
Mercedes-Benz,CLS-Class,2008,12000,,,Used,Sedan,Rear-wheel drive (RWD),Automatic,Gasoline,212000,,,,"Woodbine Ave, Markham, ON L3R 3V7, Canada"
Mazda,Mazda3 Sport,2016,15850,Blue,"GX Hatchback, 6-Speed, Reverse Camera, Cruise Control, Keyless Entry & Much More!",Used,Hatchback,Front-wheel drive (FWD),Manual,Gasoline,92000,https://www.carproof.com/order?ref=kijiji&vin=3MZBM1K74GM288039,3MZBM1K74GM288039,,"5055 Whitelaw Road, Guelph, ON, N1H 6J4"
BMW,M5,2008,69800,White,"500 HP, M AERODYNAMICS, NAVI, PARK DISTANCE",Used,Sedan,Rear-wheel drive (RWD),Automatic,Other,27999,https://www.carproof.com/order?ref=kijiji&vin=WBSNB93598CX10383,WBSNB93598CX10383,,"60 Martin Ross Avenue, Toronto, ON, M3J 2L4"
Mercedes-Benz,E-Class,2020,159800,White,"AMG E63 S, 603 HP, CARBON FIBER PKG, NAV, PANO",Used,Wagon,All-wheel drive (AWD),Automatic,Other,11000,https://www.carproof.com/order?ref=kijiji&vin=WDDZH8KB3LA752017,WDDZH8KB3LA752017,,"60 Martin Ross Avenue, Toronto, ON, M3J 2L4"
Toyota,4Runner,2020,58088,White,Other,Used,"SUV, Crossover",4 x 4,Automatic,Gasoline,26285,,,,"3300 Steeles Avenue East, Markham, ON, L3R 1G9"
Audi,Q5,2013,18800,Black,2.0L Premium,Used,"SUV, Crossover",All-wheel drive (AWD),Automatic,Gasoline,125000,https://www.carproof.com/order?ref=kijiji&vin=wa1mfcfp9da004225,wa1mfcfp9da004225,,"Blackwater Crescent, Toronto, ON M1B 1L5, Canada"
Jaguar,XF,2010,9999,Blue,R,Used,Sedan,Rear-wheel drive (RWD),Automatic,Gasoline,208476,,,,"Keele Street, North York, ON"
BMW,X5,2019,58895,Black,APPLE CARPLAY | NAVI | PANO | CAMERA,Used,"SUV, Crossover",All-wheel drive (AWD),Automatic,Gasoline,89102,https://www.carproof.com/order?ref=kijiji&vin=5UXCR6C56KLK80634,5UXCR6C56KLK80634,,"2430 Finch Ave West,, North York, ON, M9M 2E1"
Honda,CR-V,2006,2500,Grey,Awd,Used,"SUV, Crossover",All-wheel drive (AWD),Automatic,Gasoline,370000,,,,"Martin Grove Road, Etobicoke, ON"
Other,Other,2022,41863,White,Comfortline,New,"SUV, Crossover",All-wheel drive (AWD),Automatic,Gasoline,0,,,,"3450 Sheppard Avenue East, Toronto, ON, M1T 3K4"
Volvo,XC60,2015,20995,Grey,T5 Premier,Used,"SUV, Crossover",All-wheel drive (AWD),Automatic,Gasoline,154370,,,,"Vaughan, ON L4J 0H2"
Nissan,370Z,2015,47777,Red,NISMO TECH 350HP |NAV|CAMERA|6SPEED.MANUAL|15KM,Used,Coupe (2 door),Rear-wheel drive (RWD),Manual,Gasoline,15200,https://www.carproof.com/order?ref=kijiji&vin=JN1AZ4EH1FM440359,JN1AZ4EH1FM440359,,"1323 Kennedy Road, Scarborough, ON, M1P 2L6"
Toyota,Corolla,2003,2550,Silver,ce,Used,Sedan,Front-wheel drive (FWD),Automatic,Gasoline,2999,,,,"North York, ON M3J"
Chevrolet,Colorado,2021,45000,White,WT,Used,Pickup Truck,Rear-wheel drive (RWD),Automatic,Gasoline,15000,,,,"Toronto, ON, M6K, CA"
Land Rover,Range Rover Velar,2018,64995,White,P380 S|NAV|MERIDIAN|PANOROOF|TERRAINMODES|CARPLAY,Used,"SUV, Crossover",4 x 4,Automatic,Other,70446,https://www.carproof.com/order?ref=kijiji&vin=SALYB2RVXJA718716,SALYB2RVXJA718716,,"100 Toro Road, North York, ON, M3J 2A9"
Toyota,Camry,2012,11999,White,"XLE, Leather, Sunroof, Navigation",Used,Sedan,Front-wheel drive (FWD),Automatic,Gasoline,192951,https://www.carproof.com/order?ref=kijiji&vin=4T1BF1FK6C0572446,4T1BF1FK6C0572446,,"3675 Keele Street, Toronto, ON, M3J 1M6"
Ram,1500,2022,59415,Blue,SLT,New,Pickup Truck,Other,Automatic,Other,0,,,,"4960 Sheppard Avenue East, Scarborough, ON, M1S 4A7"
Audi,Q5,2013,18800,Black,2.0L Premium,Used,"SUV, Crossover",All-wheel drive (AWD),Automatic,Gasoline,125000,https://www.carproof.com/order?ref=kijiji&vin=wa1mfcfp9da004225,wa1mfcfp9da004225,,"Blackwater Crescent, Toronto, ON M1B 1L5, Canada"
,,0,0,,,,,,,,0,,,,
,,0,0,,,,,,,,0,,,,
,,0,0,,,,,,,,0,,,,
,,0,0,,,,,,,,0,,,,
,,0,0,,,,,,,,0,,,,
,,0,0,,,,,,,,0,,,,
Toyota,Corolla,2003,2550,Silver,ce,Used,Sedan,Front-wheel drive (FWD),Automatic,Gasoline,2999,,,,"North York, ON M3J"
Chevrolet,Colorado,2021,45000,White,WT,Used,Pickup Truck,Rear-wheel drive (RWD),Automatic,Gasoline,15000,,,,"Toronto, ON, M6K, CA"
Acura,TSX,2009,7499,Grey,W/Premium Pkg,Used,Sedan,Front-wheel drive (FWD),Automatic,Gasoline,182000,https://www.carproof.com/order?ref=kijiji&vin=JH4CU26659C802191,JH4CU26659C802191,,"4040 Sheppard Ave E, Scarborough, ON, M1S 1S6"
Mercedes-Benz,CLA,2018,32490,Red,"250 4Matic W/ Premium Package, CarPlay & Android Auto",Used,Sedan,All-wheel drive (AWD),Automatic,Other,37391,,,,"12 Goldthorne, Etobicoke, ON, M8Z5S8"
Chevrolet,Corvette,2020,119800,Blue,"Stingray, 490HP, RED CALIPERS, PADDLE SHIFTERS",Used,Coupe (2 door),Rear-wheel drive (RWD),Automatic,Other,12006,https://www.carproof.com/order?ref=kijiji&vin=1G1Y62D42L5108887,1G1Y62D42L5108887,,"60 Martin Ross Avenue, Toronto, ON, M3J 2L4"
Volkswagen,Jetta,2019,28995,White,GLI DSG,Used,Sedan,Front-wheel drive (FWD),,Other,28330,https://www.carproof.com/order?ref=kijiji&vin=3VW6T7BU8KM269936,3VW6T7BU8KM269936,,"4032b Finch Avenue East, Scarborough, ON, M1S 3T6"
Ram,1500,2014,13979,Black,4X4 CREW CAB CLEAN!!! $13979,Used,Pickup Truck,4 x 4,Automatic,Other,269924,https://www.carproof.com/order?ref=kijiji&vin=1C6RR7KG2ES124399,1C6RR7KG2ES124399,,"5455 Steeles Avenue West, North York, ON, M9L 1S7"
Audi,Q5,2013,18800,Black,2.0L Premium,Used,"SUV, Crossover",All-wheel drive (AWD),Automatic,Gasoline,125000,https://www.carproof.com/order?ref=kijiji&vin=wa1mfcfp9da004225,wa1mfcfp9da004225,,"Blackwater Crescent, Toronto, ON M1B 1L5, Canada"
Jaguar,XF,2010,9999,Blue,R,Used,Sedan,Rear-wheel drive (RWD),Automatic,Gasoline,208476,,,,"Keele Street, North York, ON"
BMW,X5,2019,58895,Black,APPLE CARPLAY | NAVI | PANO | CAMERA,Used,"SUV, Crossover",All-wheel drive (AWD),Automatic,Gasoline,89102,https://www.carproof.com/order?ref=kijiji&vin=5UXCR6C56KLK80634,5UXCR6C56KLK80634,,"2430 Finch Ave West,, North York, ON, M9M 2E1"
Honda,CR-V,2006,2500,Grey,Awd,Used,"SUV, Crossover",All-wheel drive (AWD),Automatic,Gasoline,370000,,,,"Martin Grove Road, Etobicoke, ON"
Other,Other,2022,41863,White,Comfortline,New,"SUV, Crossover",All-wheel drive (AWD),Automatic,Gasoline,0,,,,"3450 Sheppard Avenue East, Toronto, ON, M1T 3K4"
Volvo,XC60,2015,20995,Grey,T5 Premier,Used,"SUV, Crossover",All-wheel drive (AWD),Automatic,Gasoline,154370,,,,"Vaughan, ON L4J 0H2"
Nissan,370Z,2015,47777,Red,NISMO TECH 350HP |NAV|CAMERA|6SPEED.MANUAL|15KM,Used,Coupe (2 door),Rear-wheel drive (RWD),Manual,Gasoline,15200,https://www.carproof.com/order?ref=kijiji&vin=JN1AZ4EH1FM440359,JN1AZ4EH1FM440359,,"1323 Kennedy Road, Scarborough, ON, M1P 2L6"
Toyota,Corolla,2003,2550,Silver,ce,Used,Sedan,Front-wheel drive (FWD),Automatic,Gasoline,2999,,,,"North York, ON M3J"
Chevrolet,Colorado,2021,45000,White,WT,Used,Pickup Truck,Rear-wheel drive (RWD),Automatic,Gasoline,15000,,,,"Toronto, ON, M6K, CA"
Chevrolet,Corvette,2017,84995,Grey,Grand Sport 3LT| BREMBO CERAMIC | NAV | CARBON |+,Used,Coupe (2 door),Rear-wheel drive (RWD),Automatic,Other,33617,,,,"100 Toro Road, North York, ON, M3J 2A9"
Hyundai,Elantra,2020,23990,Black,Preferred,Used,Sedan,Front-wheel drive (FWD),Automatic,Other,19380,https://www.carproof.com/order?ref=kijiji&vin=KMHD84LF1LU089006,KMHD84LF1LU089006,,"55 Auction Ln, Brampton, ON, L6T 5V8"
Jeep,Cherokee,2014,12450,Black,Sport,Used,"SUV, Crossover",4 x 4,Automatic,Gasoline,189124,https://www.carproof.com/order?ref=kijiji&vin=1C4PJMAS9EW236069,1C4PJMAS9EW236069,,"3264 Danforth Avenue, Toronto, ON, M1L 1C3"
BMW,M5,2020,133800,Grey,"Competition, 617HP, M DRIVERS PKG, CARBON FIBER,",Used,Sedan,All-wheel drive (AWD),Automatic,Other,13552,https://www.carproof.com/order?ref=kijiji&vin=WBSJF0C00LB449002,WBSJF0C00LB449002,,"60 Martin Ross Avenue, Toronto, ON, M3J 2L4"
Audi,Q5,2013,18800,Black,2.0L Premium,Used,"SUV, Crossover",All-wheel drive (AWD),Automatic,Gasoline,125000,https://www.carproof.com/order?ref=kijiji&vin=wa1mfcfp9da004225,wa1mfcfp9da004225,,"Blackwater Crescent, Toronto, ON M1B 1L5, Canada"
Jaguar,XF,2010,9999,Blue,R,Used,Sedan,Rear-wheel drive (RWD),Automatic,Gasoline,208476,,,,"Keele Street, North York, ON"
BMW,X5,2019,58895,Black,APPLE CARPLAY | NAVI | PANO | CAMERA,Used,"SUV, Crossover",All-wheel drive (AWD),Automatic,Gasoline,89102,https://www.carproof.com/order?ref=kijiji&vin=5UXCR6C56KLK80634,5UXCR6C56KLK80634,,"2430 Finch Ave West,, North York, ON, M9M 2E1"
Honda,CR-V,2006,2500,Grey,Awd,Used,"SUV, Crossover",All-wheel drive (AWD),Automatic,Gasoline,370000,,,,"Martin Grove Road, Etobicoke, ON"
Other,Other,2022,41863,White,Comfortline,New,"SUV, Crossover",All-wheel drive (AWD),Automatic,Gasoline,0,,,,"3450 Sheppard Avenue East, Toronto, ON, M1T 3K4"
Volvo,XC60,2015,20995,Grey,T5 Premier,Used,"SUV, Crossover",All-wheel drive (AWD),Automatic,Gasoline,154370,,,,"Vaughan, ON L4J 0H2"
Nissan,370Z,2015,47777,Red,NISMO TECH 350HP |NAV|CAMERA|6SPEED.MANUAL|15KM,Used,Coupe (2 door),Rear-wheel drive (RWD),Manual,Gasoline,15200,https://www.carproof.com/order?ref=kijiji&vin=JN1AZ4EH1FM440359,JN1AZ4EH1FM440359,,"1323 Kennedy Road, Scarborough, ON, M1P 2L6"
Toyota,Corolla,2003,2550,Silver,ce,Used,Sedan,Front-wheel drive (FWD),Automatic,Gasoline,2999,,,,"North York, ON M3J"
Chevrolet,Colorado,2021,45000,White,WT,Used,Pickup Truck,Rear-wheel drive (RWD),Automatic,Gasoline,15000,,,,"Toronto, ON, M6K, CA"
Toyota,Matrix,2004,3488,Blue,"AUTO , AIR CONDITION , ALLOY WHEELS !!!",Used,Wagon,Front-wheel drive (FWD),,Other,258083,https://www.carproof.com/order?ref=kijiji&vin=2T1KR32E34C781276,2T1KR32E34C781276,,"6A-4690 KINGSTON RD, SCARBOROUGH, ON, M1E 2P9"
Volvo,XC90,2018,47998,Grey,T6 AWD Inscription,Used,"SUV, Crossover",Other,Automatic,Other,85133,https://www.carproof.com/order?ref=kijiji&vin=YV4A22PL3J1340178,YV4A22PL3J1340178,,"79 East Don Roadway, Toronto, ON, M4M 2A5"
Nissan,Sentra,2019,18790,Grey,"SV W/ CarPlay, Android Auto, Camera",Used,Sedan,Front-wheel drive (FWD),Automatic,Other,115354,,,,"12 Goldthorne, Etobicoke, ON, M8Z5S8"
Dodge,Challenger,2021,149800,Purple,"SRT Hellcat Redeye,797HP,V8,NAV,CAM,HEATED SEATS",Used,Coupe (2 door),Rear-wheel drive (RWD),Automatic,Other,1513,https://www.carproof.com/order?ref=kijiji&vin=2C3CDZL92MH526393,2C3CDZL92MH526393,,"60 Martin Ross Avenue, Toronto, ON, M3J 2L4"
Audi,Q5,2013,18800,Black,2.0L Premium,Used,"SUV, Crossover",All-wheel drive (AWD),Automatic,Gasoline,125000,https://www.carproof.com/order?ref=kijiji&vin=wa1mfcfp9da004225,wa1mfcfp9da004225,,"Blackwater Crescent, Toronto, ON M1B 1L5, Canada"
,,0,0,,,,,,,,0,,,,
,,0,0,,,,,,,,0,,,,
,,0,0,,,,,,,,0,,,,
Other,Other,2022,41863,White,Comfortline,New,"SUV, Crossover",All-wheel drive (AWD),Automatic,Gasoline,0,,,,"3450 Sheppard Avenue East, Toronto, ON, M1T 3K4"
Volvo,XC60,2015,20995,Grey,T5 Premier,Used,"SUV, Crossover",All-wheel drive (AWD),Automatic,Gasoline,154370,,,,"Vaughan, ON L4J 0H2"
Nissan,370Z,2015,47777,Red,NISMO TECH 350HP |NAV|CAMERA|6SPEED.MANUAL|15KM,Used,Coupe (2 door),Rear-wheel drive (RWD),Manual,Gasoline,15200,https://www.carproof.com/order?ref=kijiji&vin=JN1AZ4EH1FM440359,JN1AZ4EH1FM440359,,"1323 Kennedy Road, Scarborough, ON, M1P 2L6"
Toyota,Corolla,2003,2550,Silver,ce,Used,Sedan,Front-wheel drive (FWD),Automatic,Gasoline,2999,,,,"North York, ON M3J"
Chevrolet,Colorado,2021,45000,White,WT,Used,Pickup Truck,Rear-wheel drive (RWD),Automatic,Gasoline,15000,,,,"Toronto, ON, M6K, CA"
Honda,CR-V,2018,27380,Silver,LX,Used,"SUV, Crossover",Front-wheel drive (FWD),Automatic,Other,58233,,,,"575 Kingston Road, Pickering, ON, L1V3N7"
Kia,Forte,2020,25275,Other,EX+ | Heated Seats | CarPlay | Android Auto | Sunroof,Used,Sedan,Front-wheel drive (FWD),Automatic,Gasoline,58261,https://www.carproof.com/order?ref=kijiji&vin=3KPF54AD9LE234685,3KPF54AD9LE234685,,"1800 Toyo Circle, Mississauga, ON, L4W 0E7"
Chevrolet,Equinox,2017,20990,Black,"LS w/ Rearview Camera, Bluetooth",Used,"SUV, Crossover",Front-wheel drive (FWD),Automatic,Other,80747,,,,"12 Goldthorne, Etobicoke, ON, M8Z5S8"
Mercedes-Benz,E-Class,2017,51800,Grey,"E400 4MATIC, 7PASS, 329HP, AMG STYLING PKG, NAV",Used,Wagon,All-wheel drive (AWD),Automatic,Other,66641,https://www.carproof.com/order?ref=kijiji&vin=WDDZH6GB6HA220801,WDDZH6GB6HA220801,,"60 Martin Ross Avenue, Toronto, ON, M3J 2L4"
Chevrolet,Corvette,2020,138800,Blue,"Stingray Coupe , Z51, 495HP, BLACK PKG, PDR",Used,Coupe (2 door),Rear-wheel drive (RWD),Automatic,Other,5708,https://www.carproof.com/order?ref=kijiji&vin=1G1Y62D42L5104757,1G1Y62D42L5104757,,"60 Martin Ross Avenue, Toronto, ON, M3J 2L4"
Audi,Q5,2013,18800,Black,2.0L Premium,Used,"SUV, Crossover",All-wheel drive (AWD),Automatic,Gasoline,125000,https://www.carproof.com/order?ref=kijiji&vin=wa1mfcfp9da004225,wa1mfcfp9da004225,,"Blackwater Crescent, Toronto, ON M1B 1L5, Canada"
Jaguar,XF,2010,9999,Blue,R,Used,Sedan,Rear-wheel drive (RWD),Automatic,Gasoline,208476,,,,"Keele Street, North York, ON"
BMW,X5,2019,58895,Black,APPLE CARPLAY | NAVI | PANO | CAMERA,Used,"SUV, Crossover",All-wheel drive (AWD),Automatic,Gasoline,89102,https://www.carproof.com/order?ref=kijiji&vin=5UXCR6C56KLK80634,5UXCR6C56KLK80634,,"2430 Finch Ave West,, North York, ON, M9M 2E1"
Honda,CR-V,2006,2500,Grey,Awd,Used,"SUV, Crossover",All-wheel drive (AWD),Automatic,Gasoline,370000,,,,"Martin Grove Road, Etobicoke, ON"
Other,Other,2022,41863,White,Comfortline,New,"SUV, Crossover",All-wheel drive (AWD),Automatic,Gasoline,0,,,,"3450 Sheppard Avenue East, Toronto, ON, M1T 3K4"
Volvo,XC60,2015,20995,Grey,T5 Premier,Used,"SUV, Crossover",All-wheel drive (AWD),Automatic,Gasoline,154370,,,,"Vaughan, ON L4J 0H2"
Nissan,370Z,2015,47777,Red,NISMO TECH 350HP |NAV|CAMERA|6SPEED.MANUAL|15KM,Used,Coupe (2 door),Rear-wheel drive (RWD),Manual,Gasoline,15200,https://www.carproof.com/order?ref=kijiji&vin=JN1AZ4EH1FM440359,JN1AZ4EH1FM440359,,"1323 Kennedy Road, Scarborough, ON, M1P 2L6"
Toyota,Corolla,2003,2550,Silver,ce,Used,Sedan,Front-wheel drive (FWD),Automatic,Gasoline,2999,,,,"North York, ON M3J"
Chevrolet,Colorado,2021,45000,White,WT,Used,Pickup Truck,Rear-wheel drive (RWD),Automatic,Gasoline,15000,,,,"Toronto, ON, M6K, CA"
Mercedes-Benz,E-Class,2020,144800,White,"AMG E63 S, 603 HP, PREMIUM PKG, NIGHT PKG,",Used,Sedan,All-wheel drive (AWD),Automatic,Other,36498,https://www.carproof.com/order?ref=kijiji&vin=W1KZF8KB0LA844143,W1KZF8KB0LA844143,,"60 Martin Ross Avenue, Toronto, ON, M3J 2L4"
Ram,1500,2022,95999,Silver,Limited,Used,Pickup Truck,4 x 4,Automatic,Diesel,3985,https://www.carproof.com/order?ref=kijiji&vin=1C6SRFHM2NN136267,1C6SRFHM2NN136267,,"935 Woodlawn Road West, Guelph, ON, N1K 1B7"
Mercedes-Benz,CLA,2018,34995,White,CLA250|4MATIC|COUPE|NAV|SUNROOF|WOOD|LEATHER|LED|+,Used,Sedan,All-wheel drive (AWD),Automatic,Other,69203,https://www.carproof.com/order?ref=kijiji&vin=WDDSJ4GB7JN660079,WDDSJ4GB7JN660079,,"100 Toro Road, North York, ON, M3J 2A9"
Kia,Rondo,2016,16490,Grey,"LX W/Cruise Control, BT, Keyless Ent.",Used,"SUV, Crossover",Front-wheel drive (FWD),Automatic,Other,70239,,,,"12 Goldthorne, Etobicoke, ON, M8Z5S8"
Tesla,Model 3,2021,61990,White,"Standard Range Plus w/ Autopilot, Nav, Wireless Charger",Used,Sedan,Rear-wheel drive (RWD),Automatic,Other,20834,,,,"12 Goldthorne, Etobicoke, ON, M8Z5S8"
Audi,Q5,2013,18800,Black,2.0L Premium,Used,"SUV, Crossover",All-wheel drive (AWD),Automatic,Gasoline,125000,https://www.carproof.com/order?ref=kijiji&vin=wa1mfcfp9da004225,wa1mfcfp9da004225,,"Blackwater Crescent, Toronto, ON M1B 1L5, Canada"
Jaguar,XF,2010,9999,Blue,R,Used,Sedan,Rear-wheel drive (RWD),Automatic,Gasoline,208476,,,,"Keele Street, North York, ON"
BMW,X5,2019,58895,Black,APPLE CARPLAY | NAVI | PANO | CAMERA,Used,"SUV, Crossover",All-wheel drive (AWD),Automatic,Gasoline,89102,https://www.carproof.com/order?ref=kijiji&vin=5UXCR6C56KLK80634,5UXCR6C56KLK80634,,"2430 Finch Ave West,, North York, ON, M9M 2E1"
Honda,CR-V,2006,2500,Grey,Awd,Used,"SUV, Crossover",All-wheel drive (AWD),Automatic,Gasoline,370000,,,,"Martin Grove Road, Etobicoke, ON"
Other,Other,2022,41863,White,Comfortline,New,"SUV, Crossover",All-wheel drive (AWD),Automatic,Gasoline,0,,,,"3450 Sheppard Avenue East, Toronto, ON, M1T 3K4"
Volvo,XC60,2015,20995,Grey,T5 Premier,Used,"SUV, Crossover",All-wheel drive (AWD),Automatic,Gasoline,154370,,,,"Vaughan, ON L4J 0H2"
Nissan,370Z,2015,47777,Red,NISMO TECH 350HP |NAV|CAMERA|6SPEED.MANUAL|15KM,Used,Coupe (2 door),Rear-wheel drive (RWD),Manual,Gasoline,15200,https://www.carproof.com/order?ref=kijiji&vin=JN1AZ4EH1FM440359,JN1AZ4EH1FM440359,,"1323 Kennedy Road, Scarborough, ON, M1P 2L6"
Toyota,Corolla,2003,2550,Silver,ce,Used,Sedan,Front-wheel drive (FWD),Automatic,Gasoline,2999,,,,"North York, ON M3J"
Ram,1500,2017,42990,White,"Laramie Crew Cab 4x4 w/ Navigation, PushStart, Sensors",Used,Pickup Truck,4 x 4,Automatic,Other,90350,,,,"12 Goldthorne, Etobicoke, ON, M8Z5S8"
Maserati,Quattroporte,2018,89800,Other,"S Q4 GranSport,V6 424HP, NAV, SUNROOF, CAM, HEATED",Used,Sedan,All-wheel drive (AWD),Automatic,Other,50322,https://www.carproof.com/order?ref=kijiji&vin=ZAM56YRS6J1306473,ZAM56YRS6J1306473,,"60 Martin Ross Avenue, Toronto, ON, M3J 2L4"
,,0,0,,,,,,,,0,,,,
,,0,0,,,,,,,,0,,,,
,,0,0,,,,,,,,0,,,,
,,0,0,,,,,,,,0,,,,
,,0,0,,,,,,,,0,,,,
,,0,0,,,,,,,,0,,,,
,,0,0,,,,,,,,0,,,,
Volvo,XC60,2015,20995,Grey,T5 Premier,Used,"SUV, Crossover",All-wheel drive (AWD),Automatic,Gasoline,154370,,,,"Vaughan, ON L4J 0H2"
Nissan,370Z,2015,47777,Red,NISMO TECH 350HP |NAV|CAMERA|6SPEED.MANUAL|15KM,Used,Coupe (2 door),Rear-wheel drive (RWD),Manual,Gasoline,15200,https://www.carproof.com/order?ref=kijiji&vin=JN1AZ4EH1FM440359,JN1AZ4EH1FM440359,,"1323 Kennedy Road, Scarborough, ON, M1P 2L6"
Toyota,Corolla,2003,2550,Silver,ce,Used,Sedan,Front-wheel drive (FWD),Automatic,Gasoline,2999,,,,"North York, ON M3J"
Chevrolet,Corvette,2020,138800,Blue,"Stingray Coupe , Z51, 495HP, BLACK PKG, PDR",Used,Coupe (2 door),Rear-wheel drive (RWD),Automatic,Other,5708,https://www.carproof.com/order?ref=kijiji&vin=1G1Y62D42L5104757,1G1Y62D42L5104757,,"60 Martin Ross Avenue, Toronto, ON, M3J 2L4"
Toyota,Corolla,2019,24999,Silver,LOW KM | BACKUP CAM | BLUETOOTH,Used,Hatchback,Front-wheel drive (FWD),,Gasoline,55747,https://www.carproof.com/order?ref=kijiji&vin=JTNK4RBE7K3058498,JTNK4RBE7K3058498,,"1962 Eagle Street North, Cambridge, ON, N3H 0A1"
BMW,X5,2014,27998,Black,M SPORTS PKG | NAVI | CAM | PANO | AWD | HUD |,Used,"SUV, Crossover",All-wheel drive (AWD),Automatic,Other,144809,https://www.carproof.com/order?ref=kijiji&vin=5UXKR0C55E0H17105,5UXKR0C55E0H17105,,"1882 Lawrence Avenue East, Scarborough, ON, M1R 2Y5"
Ram,1500,2020,72897,Black,Limited|V8|RAMBOX|NAV|AIRSUSP|POWERSTEPS|HKAUDIO|+,Used,Pickup Truck,4 x 4,Automatic,Other,78966,,,,"100 Toro Road, North York, ON, M3J 2A9"
Ram,1500,2012,11599,Grey,"4X4 5.7L HEMI QUAD CAB, FULL SERVICE History",Used,Pickup Truck,4 x 4,Automatic,Gasoline,242000,https://www.carproof.com/order?ref=kijiji&vin=1C6RD7FT1CS277651,1C6RD7FT1CS277651,,"2574 St. Clair Avenue West, Etobicoke, ON, M6N 1L8"
Audi,Q5,2013,18800,Black,2.0L Premium,Used,"SUV, Crossover",All-wheel drive (AWD),Automatic,Gasoline,125000,https://www.carproof.com/order?ref=kijiji&vin=wa1mfcfp9da004225,wa1mfcfp9da004225,,"Blackwater Crescent, Toronto, ON M1B 1L5, Canada"
Jaguar,XF,2010,9999,Blue,R,Used,Sedan,Rear-wheel drive (RWD),Automatic,Gasoline,208476,,,,"Keele Street, North York, ON"
BMW,X5,2019,58895,Black,APPLE CARPLAY | NAVI | PANO | CAMERA,Used,"SUV, Crossover",All-wheel drive (AWD),Automatic,Gasoline,89102,https://www.carproof.com/order?ref=kijiji&vin=5UXCR6C56KLK80634,5UXCR6C56KLK80634,,"2430 Finch Ave West,, North York, ON, M9M 2E1"
Honda,CR-V,2006,2500,Grey,Awd,Used,"SUV, Crossover",All-wheel drive (AWD),Automatic,Gasoline,370000,,,,"Martin Grove Road, Etobicoke, ON"
Other,Other,2022,41863,White,Comfortline,New,"SUV, Crossover",All-wheel drive (AWD),Automatic,Gasoline,0,,,,"3450 Sheppard Avenue East, Toronto, ON, M1T 3K4"
Volvo,XC60,2015,20995,Grey,T5 Premier,Used,"SUV, Crossover",All-wheel drive (AWD),Automatic,Gasoline,154370,,,,"Vaughan, ON L4J 0H2"
Nissan,370Z,2015,47777,Red,NISMO TECH 350HP |NAV|CAMERA|6SPEED.MANUAL|15KM,Used,Coupe (2 door),Rear-wheel drive (RWD),Manual,Gasoline,15200,https://www.carproof.com/order?ref=kijiji&vin=JN1AZ4EH1FM440359,JN1AZ4EH1FM440359,,"1323 Kennedy Road, Scarborough, ON, M1P 2L6"
Toyota,Corolla,2003,2550,Silver,ce,Used,Sedan,Front-wheel drive (FWD),Automatic,Gasoline,2999,,,,"North York, ON M3J"
Cadillac,Escalade,2007,16499,Black,"7 SEATER WITH ONLY 160 KM, NO ACCIDENTS",Used,"SUV, Crossover",All-wheel drive (AWD),Automatic,Gasoline,160000,https://www.carproof.com/order?ref=kijiji&vin=1GYFK63867R420970,1GYFK63867R420970,,"2574 St. Clair Avenue West, Etobicoke, ON, M6N 1L8"
Chevrolet,Corvette,2020,139988,Silver,Stingray 3LT Z51 GT2 frontlift MRC NAV PDR MEM HUD,Used,Coupe (2 door),Rear-wheel drive (RWD),Automatic,Other,2225,https://www.carproof.com/order?ref=kijiji&vin=1G1Y82D48L5104773,1G1Y82D48L5104773,,"487 Park Rd N, Brantford, ON, N3R 7K8"
Ram,1500,2015,16979,White,SLT 4X4 !!! SUPER CLEAN !!! MUST SEE,Used,Pickup Truck,4 x 4,Automatic,Other,236404,https://www.carproof.com/order?ref=kijiji&vin=1C6RR7GG0FS579097,1C6RR7GG0FS579097,,"5455 Steeles Avenue West, North York, ON, M9L 1S7"
Dodge,Nitro,2008,11995,Silver,SLT|4WD|V6|LOWKMS|RTXWHEELS|SIRIUSXM|SUNROOF|+++,Used,"SUV, Crossover",4 x 4,Automatic,Other,61136,,,,"100 Toro Road, North York, ON, M3J 2A9"
Mercedes-Benz,Other,2018,38995,White,Nav|B.Cam|New Brakes and Tires|Certified,Used,"Minivan, Van",Rear-wheel drive (RWD),Automatic,Other,95775,https://www.carproof.com/order?ref=kijiji&vin=WD3BG2EA1J3469139,WD3BG2EA1J3469139,,"2773 Dufferin St, North York, ON, M6B 3R6"
Audi,Q5,2013,18800,Black,2.0L Premium,Used,"SUV, Crossover",All-wheel drive (AWD),Automatic,Gasoline,125000,https://www.carproof.com/order?ref=kijiji&vin=wa1mfcfp9da004225,wa1mfcfp9da004225,,"Blackwater Crescent, Toronto, ON M1B 1L5, Canada"
Jaguar,XF,2010,9999,Blue,R,Used,Sedan,Rear-wheel drive (RWD),Automatic,Gasoline,208476,,,,"Keele Street, North York, ON"
BMW,X5,2019,58895,Black,APPLE CARPLAY | NAVI | PANO | CAMERA,Used,"SUV, Crossover",All-wheel drive (AWD),Automatic,Gasoline,89102,https://www.carproof.com/order?ref=kijiji&vin=5UXCR6C56KLK80634,5UXCR6C56KLK80634,,"2430 Finch Ave West,, North York, ON, M9M 2E1"
Honda,CR-V,2006,2500,Grey,Awd,Used,"SUV, Crossover",All-wheel drive (AWD),Automatic,Gasoline,370000,,,,"Martin Grove Road, Etobicoke, ON"
Other,Other,2022,41863,White,Comfortline,New,"SUV, Crossover",All-wheel drive (AWD),Automatic,Gasoline,0,,,,"3450 Sheppard Avenue East, Toronto, ON, M1T 3K4"
Volvo,XC60,2015,20995,Grey,T5 Premier,Used,"SUV, Crossover",All-wheel drive (AWD),Automatic,Gasoline,154370,,,,"Vaughan, ON L4J 0H2"
Nissan,370Z,2015,47777,Red,NISMO TECH 350HP |NAV|CAMERA|6SPEED.MANUAL|15KM,Used,Coupe (2 door),Rear-wheel drive (RWD),Manual,Gasoline,15200,https://www.carproof.com/order?ref=kijiji&vin=JN1AZ4EH1FM440359,JN1AZ4EH1FM440359,,"1323 Kennedy Road, Scarborough, ON, M1P 2L6"
Toyota,Corolla,2003,2550,Silver,ce,Used,Sedan,Front-wheel drive (FWD),Automatic,Gasoline,2999,,,,"North York, ON M3J"
Ford,F-150,2017,16900,White,XL,Used,Other,Rear-wheel drive (RWD),Automatic,Gasoline,220349,https://www.carproof.com/order?ref=kijiji&vin=1FTMF1C88HKD35949,1FTMF1C88HKD35949,,"3227 Weston Road B, Toronto, ON, M9M 2T4"
Ford,F-150,2020,63995,Blue,4x4 - Supercrew Lariat - 145 WB,Used,Pickup Truck,Other,,Other,55310,,,,"420 Ecclestone DriveBox 1990, Bracebridge, ON, P1L 1V9"
Toyota,Yaris,2013,11990,White,LE,Used,Hatchback,Front-wheel drive (FWD),Automatic,Gasoline,143352,https://www.carproof.com/order?ref=kijiji&vin=JTDKTUD31DD550317,JTDKTUD31DD550317,,"2115 Lawrence Avenue East, Scarborough, ON, M1R 2Z8"
Ford,Escape,2022,42368,Black,SE Hybrid,New,"SUV, Crossover",Other,Automatic,Other,0,,,,"940 Kingston Road, Pickering, ON, L1V 1B3"
Nissan,Rogue,2015,24897,White,SL AWD|NAV|BOSE|360CAM|PANOROOF|LEATHER|SAFETYTECH,Used,"SUV, Crossover",All-wheel drive (AWD),Automatic,Other,80656,,,,"100 Toro Road, North York, ON, M3J 2A9"
,,0,0,,,,,,,,0,,,,
Audi,Q5,2013,18800,Black,2.0L Premium,Used,"SUV, Crossover",All-wheel drive (AWD),Automatic,Gasoline,125000,https://www.carproof.com/order?ref=kijiji&vin=wa1mfcfp9da004225,wa1mfcfp9da004225,,"Blackwater Crescent, Toronto, ON M1B 1L5, Canada"
Jaguar,XF,2010,9999,Blue,R,Used,Sedan,Rear-wheel drive (RWD),Automatic,Gasoline,208476,,,,"Keele Street, North York, ON"
BMW,X5,2019,58895,Black,APPLE CARPLAY | NAVI | PANO | CAMERA,Used,"SUV, Crossover",All-wheel drive (AWD),Automatic,Gasoline,89102,https://www.carproof.com/order?ref=kijiji&vin=5UXCR6C56KLK80634,5UXCR6C56KLK80634,,"2430 Finch Ave West,, North York, ON, M9M 2E1"
Honda,CR-V,2006,2500,Grey,Awd,Used,"SUV, Crossover",All-wheel drive (AWD),Automatic,Gasoline,370000,,,,"Martin Grove Road, Etobicoke, ON"
Other,Other,2022,41863,White,Comfortline,New,"SUV, Crossover",All-wheel drive (AWD),Automatic,Gasoline,0,,,,"3450 Sheppard Avenue East, Toronto, ON, M1T 3K4"
Volvo,XC60,2015,20995,Grey,T5 Premier,Used,"SUV, Crossover",All-wheel drive (AWD),Automatic,Gasoline,154370,,,,"Vaughan, ON L4J 0H2"
Nissan,370Z,2015,47777,Red,NISMO TECH 350HP |NAV|CAMERA|6SPEED.MANUAL|15KM,Used,Coupe (2 door),Rear-wheel drive (RWD),Manual,Gasoline,15200,https://www.carproof.com/order?ref=kijiji&vin=JN1AZ4EH1FM440359,JN1AZ4EH1FM440359,,"1323 Kennedy Road, Scarborough, ON, M1P 2L6"
Toyota,Corolla,2003,2550,Silver,ce,Used,Sedan,Front-wheel drive (FWD),Automatic,Gasoline,2999,,,,"North York, ON M3J"
Chevrolet,Malibu,2019,21880,Grey,LT-APPLE CARPLAY-ANDROID AUTO-HEATED SEATS,Used,Sedan,Front-wheel drive (FWD),Automatic,Gasoline,0,https://www.carproof.com/order?ref=kijiji&vin=1G1ZD5ST0KF193744,1G1ZD5ST0KF193744,,"301 Weston Road, Toronto, ON, M6N 3P1"
Toyota,Tundra,2016,27900,Grey,SR5,Used,Other,4 x 4,Automatic,Gasoline,256000,https://www.carproof.com/order?ref=kijiji&vin=5TFCY5F15GX019745,5TFCY5F15GX019745,,"3227 Weston Road B, Toronto, ON, M9M 2T4"
Mercedes-Benz,C-Class,2017,86800,White,"AMG C63 S CONVERTIBLE, NIGHT PACKAGE, CAM, NAV,",Used,Convertible,Rear-wheel drive (RWD),Automatic,Other,37869,https://www.carproof.com/order?ref=kijiji&vin=WDDWK8HBXHF469720,WDDWK8HBXHF469720,,"60 Martin Ross Avenue, Toronto, ON, M3J 2L4"
Toyota,Tacoma,2012,17995,Blue,4WD Access Cab V6,Used,Pickup Truck,4 x 4,Automatic,Other,173700,https://www.carproof.com/order?ref=kijiji&vin=5TFUU4EN9CX044737,5TFUU4EN9CX044737,,"4032b Finch Avenue East, Scarborough, ON, M1S 3T6"
Nissan,Sentra,2014,8200,Silver,SV,Used,Sedan,Front-wheel drive (FWD),Other,Gasoline,160000,https://www.carproof.com/order?ref=kijiji&vin=3n1ab7ap0e1671376,3n1ab7ap0e1671376,,"Toronto, ON M1B1L5"
Audi,Q5,2013,18800,Black,2.0L Premium,Used,"SUV, Crossover",All-wheel drive (AWD),Automatic,Gasoline,125000,https://www.carproof.com/order?ref=kijiji&vin=wa1mfcfp9da004225,wa1mfcfp9da004225,,"Blackwater Crescent, Toronto, ON M1B 1L5, Canada"
Jaguar,XF,2010,9999,Blue,R,Used,Sedan,Rear-wheel drive (RWD),Automatic,Gasoline,208476,,,,"Keele Street, North York, ON"
BMW,X5,2019,58895,Black,APPLE CARPLAY | NAVI | PANO | CAMERA,Used,"SUV, Crossover",All-wheel drive (AWD),Automatic,Gasoline,89102,https://www.carproof.com/order?ref=kijiji&vin=5UXCR6C56KLK80634,5UXCR6C56KLK80634,,"2430 Finch Ave West,, North York, ON, M9M 2E1"
Honda,CR-V,2006,2500,Grey,Awd,Used,"SUV, Crossover",All-wheel drive (AWD),Automatic,Gasoline,370000,,,,"Martin Grove Road, Etobicoke, ON"
Other,Other,2022,41863,White,Comfortline,New,"SUV, Crossover",All-wheel drive (AWD),Automatic,Gasoline,0,,,,"3450 Sheppard Avenue East, Toronto, ON, M1T 3K4"
Volvo,XC60,2015,20995,Grey,T5 Premier,Used,"SUV, Crossover",All-wheel drive (AWD),Automatic,Gasoline,154370,,,,"Vaughan, ON L4J 0H2"
Nissan,370Z,2015,47777,Red,NISMO TECH 350HP |NAV|CAMERA|6SPEED.MANUAL|15KM,Used,Coupe (2 door),Rear-wheel drive (RWD),Manual,Gasoline,15200,https://www.carproof.com/order?ref=kijiji&vin=JN1AZ4EH1FM440359,JN1AZ4EH1FM440359,,"1323 Kennedy Road, Scarborough, ON, M1P 2L6"
Toyota,Corolla,2003,2550,Silver,ce,Used,Sedan,Front-wheel drive (FWD),Automatic,Gasoline,2999,,,,"North York, ON M3J"
Chevrolet,Avalanche,2010,13990,Black,LT,Used,Other,4 x 4,Automatic,Other,229744,https://www.carproof.com/order?ref=kijiji&vin=3GNVKFE09AG112375,3GNVKFE09AG112375,,"4877 Steeles Ave W, North York, ON, M9L 2W1"
Audi,A4,2017,26590,White,Komfort,Used,Sedan,All-wheel drive (AWD),Automatic,Other,97008,,,,"55 Auction Ln, Brampton, ON, L6T 5V8"
Land Rover,Range Rover,2012,24800,Silver,"HSE LUX, V8, NAV, 360 CAM, SUNROOF, HEATED, VENTED",Used,"SUV, Crossover",4 x 4,Automatic,Other,145235,https://www.carproof.com/order?ref=kijiji&vin=SALMF1D43CA377125,SALMF1D43CA377125,,"60 Martin Ross Avenue, Toronto, ON, M3J 2L4"
Mercedes-Benz,GLA,2018,34995,Black,GLA 250 4MATIC AWD|Nav|B.Cam|Pano Sunroof|Leather,Used,"SUV, Crossover",All-wheel drive (AWD),Automatic,Other,48025,https://www.carproof.com/order?ref=kijiji&vin=WDCTG4GBXJJ447433,WDCTG4GBXJJ447433,,"2773 Dufferin St, North York, ON, M6B 3R6"
Toyota,Yaris,2013,11990,White,LE,Used,Hatchback,Front-wheel drive (FWD),Automatic,Gasoline,143352,https://www.carproof.com/order?ref=kijiji&vin=JTDKTUD31DD550317,JTDKTUD31DD550317,,"2115 Lawrence Avenue East, Scarborough, ON, M1R 2Z8"
Honda,Civic,2006,2500,Black,,Used,Sedan,,,,340000,,,,"Toronto, ON M9L1V7"
Nissan,Sentra,2014,8200,Silver,SV,Used,Sedan,Front-wheel drive (FWD),Other,Gasoline,160000,https://www.carproof.com/order?ref=kijiji&vin=3n1ab7ap0e1671376,3n1ab7ap0e1671376,,"Toronto, ON M1B1L5"
Audi,Q5,2013,18800,Black,2.0L Premium,Used,"SUV, Crossover",All-wheel drive (AWD),Automatic,Gasoline,125000,https://www.carproof.com/order?ref=kijiji&vin=wa1mfcfp9da004225,wa1mfcfp9da004225,,"Blackwater Crescent, Toronto, ON M1B 1L5, Canada"
Jaguar,XF,2010,9999,Blue,R,Used,Sedan,Rear-wheel drive (RWD),Automatic,Gasoline,208476,,,,"Keele Street, North York, ON"
BMW,X5,2019,58895,Black,APPLE CARPLAY | NAVI | PANO | CAMERA,Used,"SUV, Crossover",All-wheel drive (AWD),Automatic,Gasoline,89102,https://www.carproof.com/order?ref=kijiji&vin=5UXCR6C56KLK80634,5UXCR6C56KLK80634,,"2430 Finch Ave West,, North York, ON, M9M 2E1"
Honda,CR-V,2006,2500,Grey,Awd,Used,"SUV, Crossover",All-wheel drive (AWD),Automatic,Gasoline,370000,,,,"Martin Grove Road, Etobicoke, ON"
Other,Other,2022,41863,White,Comfortline,New,"SUV, Crossover",All-wheel drive (AWD),Automatic,Gasoline,0,,,,"3450 Sheppard Avenue East, Toronto, ON, M1T 3K4"
Volvo,XC60,2015,20995,Grey,T5 Premier,Used,"SUV, Crossover",All-wheel drive (AWD),Automatic,Gasoline,154370,,,,"Vaughan, ON L4J 0H2"
Nissan,370Z,2015,47777,Red,NISMO TECH 350HP |NAV|CAMERA|6SPEED.MANUAL|15KM,Used,Coupe (2 door),Rear-wheel drive (RWD),Manual,Gasoline,15200,https://www.carproof.com/order?ref=kijiji&vin=JN1AZ4EH1FM440359,JN1AZ4EH1FM440359,,"1323 Kennedy Road, Scarborough, ON, M1P 2L6"
Toyota,Corolla,2003,2550,Silver,ce,Used,Sedan,Front-wheel drive (FWD),Automatic,Gasoline,2999,,,,"North York, ON M3J"
Ford,Edge,2017,25888,Other,"SEL SAFETY CERTIFIED, BRAND NEW REAR BRAKE PADS AND ROTORS, PANO ROOF, HEATED STEERING WHEEL, ALL-WHEEL DRIVE",Used,"SUV, Crossover",Other,Automatic,Other,95436,https://www.carproof.com/order?ref=kijiji&vin=2FMPK4J98HBC50170,2FMPK4J98HBC50170,,"940 Kingston Road, Pickering, ON, L1V 1B3"
Hyundai,Elantra,2020,24195,Other,Preferred | Carplay/Android Auto | Heated Seats+Steering Wheel,Used,Sedan,Front-wheel drive (FWD),Automatic,Gasoline,41111,https://www.carproof.com/order?ref=kijiji&vin=KMHD84LF7LU005299,KMHD84LF7LU005299,,"1800 Toyo Circle, Mississauga, ON, L4W 0E7"
Mercedes-Benz,C-Class,2016,25800,Grey,"C 300 4MATIC, AMG STYLING PKG, PANO NAV, HEATED",Used,Sedan,All-wheel drive (AWD),Automatic,Other,110000,https://www.carproof.com/order?ref=kijiji&vin=55SWF4KB5GU132888,55SWF4KB5GU132888,,"60 Martin Ross Avenue, Toronto, ON, M3J 2L4"
Ford,F-150,2019,40898,Blue,"XLT 5.0L V8 Engine, Trailer Tow Package, Remote Starter and XTR Chrome Package",Used,Other,Other,Automatic,Other,117442,https://www.carproof.com/order?ref=kijiji&vin=1FTEW1E54KFD20887,1FTEW1E54KFD20887,,"940 Kingston Road, Pickering, ON, L1V 1B3"
Tesla,Model 3,2021,63995,White,STANDARD RANGE PLUS|CARBOSPOILER|FSDCOMPUTER|+++,Used,Sedan,Other,Automatic,Other,32355,https://www.carproof.com/order?ref=kijiji&vin=5YJ3E1EA8MF852447,5YJ3E1EA8MF852447,,"100 Toro Road, North York, ON, M3J 2A9"
Honda,Civic,2006,2500,Black,,Used,Sedan,,,,340000,,,,"Toronto, ON M9L1V7"
Nissan,Sentra,2014,8200,Silver,SV,Used,Sedan,Front-wheel drive (FWD),Other,Gasoline,160000,https://www.carproof.com/order?ref=kijiji&vin=3n1ab7ap0e1671376,3n1ab7ap0e1671376,,"Toronto, ON M1B1L5"
Audi,Q5,2013,18800,Black,2.0L Premium,Used,"SUV, Crossover",All-wheel drive (AWD),Automatic,Gasoline,125000,https://www.carproof.com/order?ref=kijiji&vin=wa1mfcfp9da004225,wa1mfcfp9da004225,,"Blackwater Crescent, Toronto, ON M1B 1L5, Canada"
Jaguar,XF,2010,9999,Blue,R,Used,Sedan,Rear-wheel drive (RWD),Automatic,Gasoline,208476,,,,"Keele Street, North York, ON"
BMW,X5,2019,58895,Black,APPLE CARPLAY | NAVI | PANO | CAMERA,Used,"SUV, Crossover",All-wheel drive (AWD),Automatic,Gasoline,89102,https://www.carproof.com/order?ref=kijiji&vin=5UXCR6C56KLK80634,5UXCR6C56KLK80634,,"2430 Finch Ave West,, North York, ON, M9M 2E1"
Honda,CR-V,2006,2500,Grey,Awd,Used,"SUV, Crossover",All-wheel drive (AWD),Automatic,Gasoline,370000,,,,"Martin Grove Road, Etobicoke, ON"
Other,Other,2022,41863,White,Comfortline,New,"SUV, Crossover",All-wheel drive (AWD),Automatic,Gasoline,0,,,,"3450 Sheppard Avenue East, Toronto, ON, M1T 3K4"
Volvo,XC60,2015,20995,Grey,T5 Premier,Used,"SUV, Crossover",All-wheel drive (AWD),Automatic,Gasoline,154370,,,,"Vaughan, ON L4J 0H2"
Nissan,370Z,2015,47777,Red,NISMO TECH 350HP |NAV|CAMERA|6SPEED.MANUAL|15KM,Used,Coupe (2 door),Rear-wheel drive (RWD),Manual,Gasoline,15200,https://www.carproof.com/order?ref=kijiji&vin=JN1AZ4EH1FM440359,JN1AZ4EH1FM440359,,"1323 Kennedy Road, Scarborough, ON, M1P 2L6"
Toyota,Corolla,2003,2550,Silver,ce,Used,Sedan,Front-wheel drive (FWD),Automatic,Gasoline,2999,,,,"North York, ON M3J"
Mazda,3,2018,18590,Blue,GX,Used,Sedan,Front-wheel drive (FWD),Automatic,Other,65121,,,,"55 Auction Ln, Brampton, ON, L6T 5V8"
Subaru,WRX,2018,24900,Other,IMPREZA WRX-SPORT-BACK UP CAMERA-BLUETOOTH,Used,Sedan,Other,,Gasoline,148000,https://www.carproof.com/order?ref=kijiji&vin=JF1VA1A64J9813209,JF1VA1A64J9813209,,"301 Weston Road, Toronto, ON, M6N 3P1"
BMW,X7,2019,96800,Black,"XDrive40i, M SPORT PKG, PANO, ADAPTIVE SUSPENSION,",Used,"SUV, Crossover",All-wheel drive (AWD),Automatic,Other,59703,https://www.carproof.com/order?ref=kijiji&vin=5UXCW2C50KL084366,5UXCW2C50KL084366,,"60 Martin Ross Avenue, Toronto, ON, M3J 2L4"
Toyota,Yaris,2012,9350,Red,LE,Used,Hatchback,Front-wheel drive (FWD),Automatic,Gasoline,197325,,,,"Toronto, ON, M1T, CA"
Honda,Civic,2006,2500,Black,,Used,Sedan,,,,340000,,,,"Toronto, ON M9L1V7"
Nissan,Sentra,2014,8200,Silver,SV,Used,Sedan,Front-wheel drive (FWD),Other,Gasoline,160000,https://www.carproof.com/order?ref=kijiji&vin=3n1ab7ap0e1671376,3n1ab7ap0e1671376,,"Toronto, ON M1B1L5"
Audi,Q5,2013,18800,Black,2.0L Premium,Used,"SUV, Crossover",All-wheel drive (AWD),Automatic,Gasoline,125000,https://www.carproof.com/order?ref=kijiji&vin=wa1mfcfp9da004225,wa1mfcfp9da004225,,"Blackwater Crescent, Toronto, ON M1B 1L5, Canada"
Jaguar,XF,2010,9999,Blue,R,Used,Sedan,Rear-wheel drive (RWD),Automatic,Gasoline,208476,,,,"Keele Street, North York, ON"
BMW,X5,2019,58895,Black,APPLE CARPLAY | NAVI | PANO | CAMERA,Used,"SUV, Crossover",All-wheel drive (AWD),Automatic,Gasoline,89102,https://www.carproof.com/order?ref=kijiji&vin=5UXCR6C56KLK80634,5UXCR6C56KLK80634,,"2430 Finch Ave West,, North York, ON, M9M 2E1"
Honda,CR-V,2006,2500,Grey,Awd,Used,"SUV, Crossover",All-wheel drive (AWD),Automatic,Gasoline,370000,,,,"Martin Grove Road, Etobicoke, ON"
Other,Other,2022,41863,White,Comfortline,New,"SUV, Crossover",All-wheel drive (AWD),Automatic,Gasoline,0,,,,"3450 Sheppard Avenue East, Toronto, ON, M1T 3K4"
Volvo,XC60,2015,20995,Grey,T5 Premier,Used,"SUV, Crossover",All-wheel drive (AWD),Automatic,Gasoline,154370,,,,"Vaughan, ON L4J 0H2"
Nissan,370Z,2015,47777,Red,NISMO TECH 350HP |NAV|CAMERA|6SPEED.MANUAL|15KM,Used,Coupe (2 door),Rear-wheel drive (RWD),Manual,Gasoline,15200,https://www.carproof.com/order?ref=kijiji&vin=JN1AZ4EH1FM440359,JN1AZ4EH1FM440359,,"1323 Kennedy Road, Scarborough, ON, M1P 2L6"
Toyota,Corolla,2003,2550,Silver,ce,Used,Sedan,Front-wheel drive (FWD),Automatic,Gasoline,2999,,,,"North York, ON M3J"
Nissan,Rogue,2014,18490,White,"SL AWD W/ Navi, Cam, Cruise Control, BT",Used,"SUV, Crossover",All-wheel drive (AWD),Automatic,Other,115622,,,,"12 Goldthorne, Etobicoke, ON, M8Z5S8"
Lexus,RX,2013,24990,White,Base,Used,"SUV, Crossover",All-wheel drive (AWD),Automatic,Other,109586,,,,"55 Auction Ln, Brampton, ON, L6T 5V8"
Bentley,Flying Spur,2015,129800,Other,"V8, 500HP, AWD,TWIN-TURBOCHARGED, NAV,CAM,SUNROOF",Used,Sedan,All-wheel drive (AWD),Automatic,Other,32847,https://www.carproof.com/order?ref=kijiji&vin=SCBET9ZA0FC042689,SCBET9ZA0FC042689,,"60 Martin Ross Avenue, Toronto, ON, M3J 2L4"
GMC,Sierra 1500,2015,22979,Black,4X4 EXTRA CLEAN!!! MUST SEE,Used,Pickup Truck,4 x 4,Automatic,Other,184959,https://www.carproof.com/order?ref=kijiji&vin=1GTV2TEC4FZ315330,1GTV2TEC4FZ315330,,"5455 Steeles Avenue West, North York, ON, M9L 1S7"
Honda,Civic,2006,2500,Black,,Used,Sedan,,,,340000,,,,"Toronto, ON M9L1V7"
,,0,0,,,,,,,,0,,,,
,,0,0,,,,,,,,0,,,,
,,0,0,,,,,,,,0,,,,
,,0,0,,,,,,,,0,,,,
,,0,0,,,,,,,,0,,,,
,,0,0,,,,,,,,0,,,,
,,0,0,,,,,,,,0,,,,
Volvo,XC60,2015,20995,Grey,T5 Premier,Used,"SUV, Crossover",All-wheel drive (AWD),Automatic,Gasoline,154370,,,,"Vaughan, ON L4J 0H2"
Nissan,370Z,2015,47777,Red,NISMO TECH 350HP |NAV|CAMERA|6SPEED.MANUAL|15KM,Used,Coupe (2 door),Rear-wheel drive (RWD),Manual,Gasoline,15200,https://www.carproof.com/order?ref=kijiji&vin=JN1AZ4EH1FM440359,JN1AZ4EH1FM440359,,"1323 Kennedy Road, Scarborough, ON, M1P 2L6"
Mercedes-Benz,C-Class,2018,89800,Red,"AMG C63S, 503HP, NIGHT PKG, 360CAM, HEATED, NAV",Used,Coupe (2 door),Rear-wheel drive (RWD),Automatic,Other,21551,https://www.carproof.com/order?ref=kijiji&vin=WDDWJ8HB2JF620137,WDDWJ8HB2JF620137,,"60 Martin Ross Avenue, Toronto, ON, M3J 2L4"
Chevrolet,Cruze,2018,18498,Grey,LT- Heated Seats|  Alloys | Camera | Android & Apple Car play,Used,Sedan,Front-wheel drive (FWD),Automatic,Gasoline,94023,https://www.carproof.com/order?ref=kijiji&vin=1G1BE5SM0J7198202,1G1BE5SM0J7198202,,"765 Woodlawn Road West, Guelph, ON, N1K 1E9"
Toyota,Highlander,2021,58588,Silver,Limited,Used,"SUV, Crossover",All-wheel drive (AWD),Automatic,Gasoline,2770,,,,"3300 Steeles Avenue East, Markham, ON, L3R 1G9"
Mercedes-Benz,GLA,2018,32490,Silver,"250 4MATIC w/ Sport Pack, Premium Pack, Rearview Cam",Used,"SUV, Crossover",All-wheel drive (AWD),Automatic,Other,72110,,,,"12 Goldthorne, Etobicoke, ON, M8Z5S8"
Scion,tC,2012,13995,Yellow,Release Series 7.0 TRD Edition *6-Speed*,Used,Coupe (2 door),Front-wheel drive (FWD),Manual,Other,106472,https://www.carproof.com/order?ref=kijiji&vin=JTKJF5C7XC3026741,JTKJF5C7XC3026741,,"475 Kennedy Rd, Scarborough, ON, M1K 2A9"
Honda,Civic,2006,2500,Black,,Used,Sedan,,,,340000,,,,"Toronto, ON M9L1V7"
Nissan,Sentra,2014,8200,Silver,SV,Used,Sedan,Front-wheel drive (FWD),Other,Gasoline,160000,https://www.carproof.com/order?ref=kijiji&vin=3n1ab7ap0e1671376,3n1ab7ap0e1671376,,"Toronto, ON M1B1L5"
BMW,3-Series,2020,48777,White,330i xDrive PREMIUM ENHANCED |NAV|HUD|360CAMERA|HUD|34KM,Used,Sedan,All-wheel drive (AWD),Automatic,Gasoline,34500,https://www.carproof.com/order?ref=kijiji&vin=3MW5R7J06L8B05358,3MW5R7J06L8B05358,,"1323 Kennedy Road, Scarborough, ON, M1P 2L6"
Audi,Q5,2013,18800,Black,2.0L Premium,Used,"SUV, Crossover",All-wheel drive (AWD),Automatic,Gasoline,125000,https://www.carproof.com/order?ref=kijiji&vin=wa1mfcfp9da004225,wa1mfcfp9da004225,,"Blackwater Crescent, Toronto, ON M1B 1L5, Canada"
Jaguar,XF,2010,9999,Blue,R,Used,Sedan,Rear-wheel drive (RWD),Automatic,Gasoline,208476,,,,"Keele Street, North York, ON"
BMW,X5,2019,58895,Black,APPLE CARPLAY | NAVI | PANO | CAMERA,Used,"SUV, Crossover",All-wheel drive (AWD),Automatic,Gasoline,89102,https://www.carproof.com/order?ref=kijiji&vin=5UXCR6C56KLK80634,5UXCR6C56KLK80634,,"2430 Finch Ave West,, North York, ON, M9M 2E1"
Honda,CR-V,2006,2500,Grey,Awd,Used,"SUV, Crossover",All-wheel drive (AWD),Automatic,Gasoline,370000,,,,"Martin Grove Road, Etobicoke, ON"
Other,Other,2022,41863,White,Comfortline,New,"SUV, Crossover",All-wheel drive (AWD),Automatic,Gasoline,0,,,,"3450 Sheppard Avenue East, Toronto, ON, M1T 3K4"
Land Rover,Range Rover,2017,79800,White,"Supercharged, 510 HP, 4WD, BLACK DESIGN PKG, PANO,",Used,"SUV, Crossover",All-wheel drive (AWD),Automatic,Other,72959,https://www.carproof.com/order?ref=kijiji&vin=SALGS2FE3HA369862,SALGS2FE3HA369862,,"60 Martin Ross Avenue, Toronto, ON, M3J 2L4"
Mazda,CX-5,2018,27590,White,GX,Used,"SUV, Crossover",All-wheel drive (AWD),Automatic,Other,59988,https://www.carproof.com/order?ref=kijiji&vin=JM3KFBBL3J0383693,JM3KFBBL3J0383693,,"55 Auction Ln, Brampton, ON, L6T 5V8"
Maserati,Gran Turismo,2015,89995,Grey,GranTurismo Sport Pininfarina|CONVERTIBLE|454HP|++,Used,Convertible,Rear-wheel drive (RWD),Automatic,Other,65986,,,,"100 Toro Road, North York, ON, M3J 2A9"
Porsche,Macan,2015,37800,Silver,"Turbo, AWD, NAV, PREMIUM PLUS, HEATED/VENTED, CAM",Used,"SUV, Crossover",All-wheel drive (AWD),Automatic,Other,152205,https://www.carproof.com/order?ref=kijiji&vin=WP1AF1A58FLB98075,WP1AF1A58FLB98075,,"60 Martin Ross Avenue, Toronto, ON, M3J 2L4"
Mercedes-Benz,E-Class,2019,56800,Black,"E450 4MATIC, DISTRONIC, CAM, NAV, PANO, BURMESTER",Used,Sedan,All-wheel drive (AWD),Automatic,Other,77013,https://www.carproof.com/order?ref=kijiji&vin=WDDZF6JBXKA692456,WDDZF6JBXKA692456,,"60 Martin Ross Avenue, Toronto, ON, M3J 2L4"
Cadillac,Escalade,2007,6888,Black,FULLY LOADED - LEATHER - SUNROOF - HEATED SEAT'S,Used,"SUV, Crossover",All-wheel drive (AWD),Automatic,Gasoline,116200,https://www.carproof.com/order?ref=kijiji&vin=1gyfk63807r413254,1gyfk63807r413254,,"11 Saint Regis Crescent North, Toronto, ON, M3J 1Y9"
Honda,Civic,2006,2500,Black,,Used,Sedan,,,,340000,,,,"Toronto, ON M9L1V7"
Nissan,Sentra,2014,8200,Silver,SV,Used,Sedan,Front-wheel drive (FWD),Other,Gasoline,160000,https://www.carproof.com/order?ref=kijiji&vin=3n1ab7ap0e1671376,3n1ab7ap0e1671376,,"Toronto, ON M1B1L5"
BMW,3-Series,2020,48777,White,330i xDrive PREMIUM ENHANCED |NAV|HUD|360CAMERA|HUD|34KM,Used,Sedan,All-wheel drive (AWD),Automatic,Gasoline,34500,https://www.carproof.com/order?ref=kijiji&vin=3MW5R7J06L8B05358,3MW5R7J06L8B05358,,"1323 Kennedy Road, Scarborough, ON, M1P 2L6"
Audi,Q5,2013,18800,Black,2.0L Premium,Used,"SUV, Crossover",All-wheel drive (AWD),Automatic,Gasoline,125000,https://www.carproof.com/order?ref=kijiji&vin=wa1mfcfp9da004225,wa1mfcfp9da004225,,"Blackwater Crescent, Toronto, ON M1B 1L5, Canada"
Jaguar,XF,2010,9999,Blue,R,Used,Sedan,Rear-wheel drive (RWD),Automatic,Gasoline,208476,,,,"Keele Street, North York, ON"
BMW,X5,2019,58895,Black,APPLE CARPLAY | NAVI | PANO | CAMERA,Used,"SUV, Crossover",All-wheel drive (AWD),Automatic,Gasoline,89102,https://www.carproof.com/order?ref=kijiji&vin=5UXCR6C56KLK80634,5UXCR6C56KLK80634,,"2430 Finch Ave West,, North York, ON, M9M 2E1"
Honda,CR-V,2006,2500,Grey,Awd,Used,"SUV, Crossover",All-wheel drive (AWD),Automatic,Gasoline,370000,,,,"Martin Grove Road, Etobicoke, ON"
Other,Other,2022,41863,White,Comfortline,New,"SUV, Crossover",All-wheel drive (AWD),Automatic,Gasoline,0,,,,"3450 Sheppard Avenue East, Toronto, ON, M1T 3K4"
Hyundai,Other,2022,46999,Grey,Ultimate AWD,New,Pickup Truck,Other,Automatic,Other,0,,,,"79 East Don Roadway, Toronto, ON, M4M 2A5"
Ford,Explorer,2019,40095,Silver,XLT - 4WD,Used,"SUV, Crossover",4 x 4,Automatic,Other,96583,,,,"420 Ecclestone DriveBox 1990, Bracebridge, ON, P1L 1V9"
Land Rover,Range Rover,2012,24800,Silver,"HSE LUX, V8, NAV, 360 CAM, SUNROOF, HEATED, VENTED",Used,"SUV, Crossover",4 x 4,Automatic,Other,145235,https://www.carproof.com/order?ref=kijiji&vin=SALMF1D43CA377125,SALMF1D43CA377125,,"60 Martin Ross Avenue, Toronto, ON, M3J 2L4"
Ford,F-150,2018,41995,Red,4WD SuperCrew Box,Used,Pickup Truck,Front-wheel drive (FWD),Automatic,Other,57950,https://www.carproof.com/order?ref=kijiji&vin=1FTFW1EG6JFA99474,1FTFW1EG6JFA99474,,"4032b Finch Avenue East, Scarborough, ON, M1S 3T6"
Scion,tC,2012,13995,Yellow,Release Series 7.0 TRD Edition *6-Speed*,Used,Coupe (2 door),Front-wheel drive (FWD),Manual,Other,106472,https://www.carproof.com/order?ref=kijiji&vin=JTKJF5C7XC3026741,JTKJF5C7XC3026741,,"475 Kennedy Rd, Scarborough, ON, M1K 2A9"
,,0,0,,,,,,,,0,,,,
,,0,0,,,,,,,,0,,,,
,,0,0,,,,,,,,0,,,,
,,0,0,,,,,,,,0,,,,
,,0,0,,,,,,,,0,,,,
,,0,0,,,,,,,,0,,,,
,,0,0,,,,,,,,0,,,,
,,0,0,,,,,,,,0,,,,
,,0,0,,,,,,,,0,,,,
Lexus,Other,2007,6995,Silver,Premium,Used,Sedan,Front-wheel drive (FWD),Automatic,Gasoline,189588,https://www.carproof.com/order?ref=kijiji&vin=JTHBJ46G372071580,JTHBJ46G372071580,,"4690 Kingston Rd Unit 4, Scarborough, ON, M1E 2P9"
Nissan,Frontier,2019,40888,Other,PRO-4X,Used,Pickup Truck,4 x 4,Automatic,Gasoline,64661,https://www.carproof.com/order?ref=kijiji&vin=1N6AD0EV4KN708591,1N6AD0EV4KN708591,,"275 West Hunt Club Road, Ottawa, ON, K2E 1A6"
Ford,Mustang,2019,54900,Green,BULLITT FASTBACK-1 OWNER-NO ACCIDENTS-ALL ORIGINAL!,Used,Coupe (2 door),Rear-wheel drive (RWD),Manual,Gasoline,23000,https://www.carproof.com/order?ref=kijiji&vin=1FA6P8K00K5502732,1FA6P8K00K5502732,,"301 Weston Road, Toronto, ON, M6N 3P1"
Hyundai,Tucson,2019,25800,Black,"Essential, CAM, BLUETOOTH,",Used,"SUV, Crossover",Front-wheel drive (FWD),Automatic,Other,44971,https://www.carproof.com/order?ref=kijiji&vin=KM8J23A44KU960821,KM8J23A44KU960821,,"60 Martin Ross Avenue, Toronto, ON, M3J 2L4"
Volkswagen,Passat,2018,17900,Black,TREDLINE TSI **AUTOMATIC-BACK UP CAMERA-HEATED SEATS**,Used,Sedan,Front-wheel drive (FWD),Automatic,Gasoline,119000,https://www.carproof.com/order?ref=kijiji&vin=1VWAA7A35JC034483,1VWAA7A35JC034483,,"301 Weston Road, Toronto, ON, M6N 3P1"
Cadillac,Escalade,2007,6888,Black,FULLY LOADED - LEATHER - SUNROOF - HEATED SEAT'S,Used,"SUV, Crossover",All-wheel drive (AWD),Automatic,Gasoline,116200,https://www.carproof.com/order?ref=kijiji&vin=1gyfk63807r413254,1gyfk63807r413254,,"11 Saint Regis Crescent North, Toronto, ON, M3J 1Y9"
Honda,Civic,2006,2500,Black,,Used,Sedan,,,,340000,,,,"Toronto, ON M9L1V7"
Nissan,Sentra,2014,8200,Silver,SV,Used,Sedan,Front-wheel drive (FWD),Other,Gasoline,160000,https://www.carproof.com/order?ref=kijiji&vin=3n1ab7ap0e1671376,3n1ab7ap0e1671376,,"Toronto, ON M1B1L5"
BMW,3-Series,2020,48777,White,330i xDrive PREMIUM ENHANCED |NAV|HUD|360CAMERA|HUD|34KM,Used,Sedan,All-wheel drive (AWD),Automatic,Gasoline,34500,https://www.carproof.com/order?ref=kijiji&vin=3MW5R7J06L8B05358,3MW5R7J06L8B05358,,"1323 Kennedy Road, Scarborough, ON, M1P 2L6"
Audi,Q5,2013,18800,Black,2.0L Premium,Used,"SUV, Crossover",All-wheel drive (AWD),Automatic,Gasoline,125000,https://www.carproof.com/order?ref=kijiji&vin=wa1mfcfp9da004225,wa1mfcfp9da004225,,"Blackwater Crescent, Toronto, ON M1B 1L5, Canada"
Jaguar,XF,2010,9999,Blue,R,Used,Sedan,Rear-wheel drive (RWD),Automatic,Gasoline,208476,,,,"Keele Street, North York, ON"
BMW,X5,2019,58895,Black,APPLE CARPLAY | NAVI | PANO | CAMERA,Used,"SUV, Crossover",All-wheel drive (AWD),Automatic,Gasoline,89102,https://www.carproof.com/order?ref=kijiji&vin=5UXCR6C56KLK80634,5UXCR6C56KLK80634,,"2430 Finch Ave West,, North York, ON, M9M 2E1"
Honda,CR-V,2006,2500,Grey,Awd,Used,"SUV, Crossover",All-wheel drive (AWD),Automatic,Gasoline,370000,,,,"Martin Grove Road, Etobicoke, ON"
Other,Other,2022,41863,White,Comfortline,New,"SUV, Crossover",All-wheel drive (AWD),Automatic,Gasoline,0,,,,"3450 Sheppard Avenue East, Toronto, ON, M1T 3K4"
Ford,Explorer,2015,11979,Black,"AWD *** X POLICE 2015 $12,979",Used,"SUV, Crossover",All-wheel drive (AWD),Automatic,Other,166700,https://www.carproof.com/order?ref=kijiji&vin=1FM5K8AR0FGA22328,1FM5K8AR0FGA22328,,"5455 Steeles Avenue West, North York, ON, M9L 1S7"
Nissan,Rogue,2015,24897,White,SL AWD|NAV|BOSE|360CAM|PANOROOF|LEATHER|SAFETYTECH,Used,"SUV, Crossover",All-wheel drive (AWD),Automatic,Other,80656,,,,"100 Toro Road, North York, ON, M3J 2A9"
BMW,M4,2015,58800,Grey,"COUPE, 425HP, MANUAL, INTERIOR CARBON TRIM, NAVI",Used,Coupe (2 door),Rear-wheel drive (RWD),Manual,Other,67983,https://www.carproof.com/order?ref=kijiji&vin=WBS3R9C54FK331653,WBS3R9C54FK331653,,"60 Martin Ross Avenue, Toronto, ON, M3J 2L4"
Cadillac,Escalade,2007,6888,Black,FULLY LOADED - LEATHER - SUNROOF - HEATED SEAT'S,Used,"SUV, Crossover",All-wheel drive (AWD),Automatic,Gasoline,116200,https://www.carproof.com/order?ref=kijiji&vin=1gyfk63807r413254,1gyfk63807r413254,,"11 Saint Regis Crescent North, Toronto, ON, M3J 1Y9"
Honda,Civic,2006,2500,Black,,Used,Sedan,,,,340000,,,,"Toronto, ON M9L1V7"
Nissan,Sentra,2014,8200,Silver,SV,Used,Sedan,Front-wheel drive (FWD),Other,Gasoline,160000,https://www.carproof.com/order?ref=kijiji&vin=3n1ab7ap0e1671376,3n1ab7ap0e1671376,,"Toronto, ON M1B1L5"
BMW,3-Series,2020,48777,White,330i xDrive PREMIUM ENHANCED |NAV|HUD|360CAMERA|HUD|34KM,Used,Sedan,All-wheel drive (AWD),Automatic,Gasoline,34500,https://www.carproof.com/order?ref=kijiji&vin=3MW5R7J06L8B05358,3MW5R7J06L8B05358,,"1323 Kennedy Road, Scarborough, ON, M1P 2L6"
Audi,Q5,2013,18800,Black,2.0L Premium,Used,"SUV, Crossover",All-wheel drive (AWD),Automatic,Gasoline,125000,https://www.carproof.com/order?ref=kijiji&vin=wa1mfcfp9da004225,wa1mfcfp9da004225,,"Blackwater Crescent, Toronto, ON M1B 1L5, Canada"
Jaguar,XF,2010,9999,Blue,R,Used,Sedan,Rear-wheel drive (RWD),Automatic,Gasoline,208476,,,,"Keele Street, North York, ON"
BMW,X5,2019,58895,Black,APPLE CARPLAY | NAVI | PANO | CAMERA,Used,"SUV, Crossover",All-wheel drive (AWD),Automatic,Gasoline,89102,https://www.carproof.com/order?ref=kijiji&vin=5UXCR6C56KLK80634,5UXCR6C56KLK80634,,"2430 Finch Ave West,, North York, ON, M9M 2E1"
Honda,CR-V,2006,2500,Grey,Awd,Used,"SUV, Crossover",All-wheel drive (AWD),Automatic,Gasoline,370000,,,,"Martin Grove Road, Etobicoke, ON"
Other,Other,2022,41863,White,Comfortline,New,"SUV, Crossover",All-wheel drive (AWD),Automatic,Gasoline,0,,,,"3450 Sheppard Avenue East, Toronto, ON, M1T 3K4"
Land Rover,Other,2018,39950,Black,HSE,Used,"SUV, Crossover",4 x 4,Automatic,Other,50665,,,,"575 Kingston Road, Pickering, ON, L1V3N7"
Ram,1500,2019,41233,Black,Express,Used,Pickup Truck,4 x 4,Automatic,Gasoline,58664,,,,"935 Woodlawn Road West, Guelph, ON, N1K 1B7"
Dodge,Challenger,2016,25880,Blue,SXT | V6 3.6L | P. GOURPS | BLUE TOOTH |,Used,Coupe (2 door),Rear-wheel drive (RWD),Automatic,Other,148828,https://www.carproof.com/order?ref=kijiji&vin=2C3CDZAG3GH264115,2C3CDZAG3GH264115,,"1882 Lawrence Avenue East, Scarborough, ON, M1R 2Y5"
Hyundai,Elantra,2020,17980,Red,PREFERRED-APPLE CARPLAY-ANROID AUTO-HEATED SEAT,Used,Sedan,Front-wheel drive (FWD),Automatic,Gasoline,89000,https://www.carproof.com/order?ref=kijiji&vin=KMHD84LF3LU896773,KMHD84LF3LU896773,,"301 Weston Road, Toronto, ON, M6N 3P1"
Cadillac,Escalade,2007,6888,Black,FULLY LOADED - LEATHER - SUNROOF - HEATED SEAT'S,Used,"SUV, Crossover",All-wheel drive (AWD),Automatic,Gasoline,116200,https://www.carproof.com/order?ref=kijiji&vin=1gyfk63807r413254,1gyfk63807r413254,,"11 Saint Regis Crescent North, Toronto, ON, M3J 1Y9"
Honda,Civic,2006,2500,Black,,Used,Sedan,,,,340000,,,,"Toronto, ON M9L1V7"
Nissan,Sentra,2014,8200,Silver,SV,Used,Sedan,Front-wheel drive (FWD),Other,Gasoline,160000,https://www.carproof.com/order?ref=kijiji&vin=3n1ab7ap0e1671376,3n1ab7ap0e1671376,,"Toronto, ON M1B1L5"
BMW,3-Series,2020,48777,White,330i xDrive PREMIUM ENHANCED |NAV|HUD|360CAMERA|HUD|34KM,Used,Sedan,All-wheel drive (AWD),Automatic,Gasoline,34500,https://www.carproof.com/order?ref=kijiji&vin=3MW5R7J06L8B05358,3MW5R7J06L8B05358,,"1323 Kennedy Road, Scarborough, ON, M1P 2L6"
,,0,0,,,,,,,,0,,,,
,,0,0,,,,,,,,0,,,,
,,0,0,,,,,,,,0,,,,
,,0,0,,,,,,,,0,,,,
,,0,0,,,,,,,,0,,,,
Cadillac,Escalade,2021,153777,Black,4WD SPORT PLATINUM |SUPERCRUISE|NAV|HUD|360CAM,Used,"SUV, Crossover",All-wheel drive (AWD),Automatic,Other,17500,https://www.carproof.com/order?ref=kijiji&vin=1GYS4GKL0MR392230,1GYS4GKL0MR392230,,"1323 Kennedy Road, Scarborough, ON, M1P 2L6"
Nissan,Rogue,2021,36640,Black,SV,Used,"SUV, Crossover",All-wheel drive (AWD),Automatic,Other,8649,https://www.carproof.com/order?ref=kijiji&vin=5N1AT3BB4MC680139,5N1AT3BB4MC680139,,"25 South Unionville Ave, Unionville, ON, L3R 6B8"
Toyota,Sienna,2013,19888,White,LE! 8 PASSENGER!,Used,"Minivan, Van",Front-wheel drive (FWD),Automatic,Other,165436,https://www.carproof.com/order?ref=kijiji&vin=392867,392867,,"3089 Danforth Avenue, Toronto, ON, M1L 1A9"
Cadillac,Escalade,2007,6888,Black,FULLY LOADED - LEATHER - SUNROOF - HEATED SEAT'S,Used,"SUV, Crossover",All-wheel drive (AWD),Automatic,Gasoline,116200,https://www.carproof.com/order?ref=kijiji&vin=1gyfk63807r413254,1gyfk63807r413254,,"11 Saint Regis Crescent North, Toronto, ON, M3J 1Y9"
Honda,Civic,2006,2500,Black,,Used,Sedan,,,,340000,,,,"Toronto, ON M9L1V7"
Nissan,Sentra,2014,8200,Silver,SV,Used,Sedan,Front-wheel drive (FWD),Other,Gasoline,160000,https://www.carproof.com/order?ref=kijiji&vin=3n1ab7ap0e1671376,3n1ab7ap0e1671376,,"Toronto, ON M1B1L5"
BMW,3-Series,2020,48777,White,330i xDrive PREMIUM ENHANCED |NAV|HUD|360CAMERA|HUD|34KM,Used,Sedan,All-wheel drive (AWD),Automatic,Gasoline,34500,https://www.carproof.com/order?ref=kijiji&vin=3MW5R7J06L8B05358,3MW5R7J06L8B05358,,"1323 Kennedy Road, Scarborough, ON, M1P 2L6"
Audi,Q5,2013,18800,Black,2.0L Premium,Used,"SUV, Crossover",All-wheel drive (AWD),Automatic,Gasoline,125000,https://www.carproof.com/order?ref=kijiji&vin=wa1mfcfp9da004225,wa1mfcfp9da004225,,"Blackwater Crescent, Toronto, ON M1B 1L5, Canada"
Jaguar,XF,2010,9999,Blue,R,Used,Sedan,Rear-wheel drive (RWD),Automatic,Gasoline,208476,,,,"Keele Street, North York, ON"
BMW,X5,2019,58895,Black,APPLE CARPLAY | NAVI | PANO | CAMERA,Used,"SUV, Crossover",All-wheel drive (AWD),Automatic,Gasoline,89102,https://www.carproof.com/order?ref=kijiji&vin=5UXCR6C56KLK80634,5UXCR6C56KLK80634,,"2430 Finch Ave West,, North York, ON, M9M 2E1"
Honda,CR-V,2006,2500,Grey,Awd,Used,"SUV, Crossover",All-wheel drive (AWD),Automatic,Gasoline,370000,,,,"Martin Grove Road, Etobicoke, ON"
BMW,M3,2016,61000,Blue,Sedan | Premium Package | No Accidents,Used,Sedan,Rear-wheel drive (RWD),Automatic,Other,71550,https://www.carproof.com/order?ref=kijiji&vin=WBS8M9C52GP966637,WBS8M9C52GP966637,,"11 Sunlight Park Road, Toronto, ON, M4M 1B5"
Toyota,Corolla,2020,24999,White,,Used,Sedan,Front-wheel drive (FWD),,Gasoline,58474,https://www.carproof.com/order?ref=kijiji&vin=5YFBPRBE8LP082751,5YFBPRBE8LP082751,,"1962 Eagle Street North, Cambridge, ON, N3H 0A1"
BMW,M5,1992,129800,Black,"E34, 3.8 LITER S38 I6, 340 HP, MANUAL, M-TECH,",Used,Sedan,Rear-wheel drive (RWD),Manual,Other,117482,https://www.carproof.com/order?ref=kijiji&vin=WBSHJ910X0BL01147,WBSHJ910X0BL01147,,"60 Martin Ross Avenue, Toronto, ON, M3J 2L4"
Volkswagen,Tiguan,2019,40987,Black,R-Line|4MOTION|7PASSENGER|NAV|FENDER|ORANGELEATHER,Used,"SUV, Crossover",All-wheel drive (AWD),Automatic,Other,37274,https://www.carproof.com/order?ref=kijiji&vin=3VV4B7AX8KM126415,3VV4B7AX8KM126415,,"100 Toro Road, North York, ON, M3J 2A9"
Volvo,XC90,2018,47998,Grey,T6 AWD Inscription,Used,"SUV, Crossover",Other,Automatic,Other,85133,https://www.carproof.com/order?ref=kijiji&vin=YV4A22PL3J1340178,YV4A22PL3J1340178,,"79 East Don Roadway, Toronto, ON, M4M 2A5"
Cadillac,Escalade,2007,6888,Black,FULLY LOADED - LEATHER - SUNROOF - HEATED SEAT'S,Used,"SUV, Crossover",All-wheel drive (AWD),Automatic,Gasoline,116200,https://www.carproof.com/order?ref=kijiji&vin=1gyfk63807r413254,1gyfk63807r413254,,"11 Saint Regis Crescent North, Toronto, ON, M3J 1Y9"
Honda,Civic,2006,2500,Black,,Used,Sedan,,,,340000,,,,"Toronto, ON M9L1V7"
Nissan,Sentra,2014,8200,Silver,SV,Used,Sedan,Front-wheel drive (FWD),Other,Gasoline,160000,https://www.carproof.com/order?ref=kijiji&vin=3n1ab7ap0e1671376,3n1ab7ap0e1671376,,"Toronto, ON M1B1L5"
BMW,3-Series,2020,48777,White,330i xDrive PREMIUM ENHANCED |NAV|HUD|360CAMERA|HUD|34KM,Used,Sedan,All-wheel drive (AWD),Automatic,Gasoline,34500,https://www.carproof.com/order?ref=kijiji&vin=3MW5R7J06L8B05358,3MW5R7J06L8B05358,,"1323 Kennedy Road, Scarborough, ON, M1P 2L6"
Audi,Q5,2013,18800,Black,2.0L Premium,Used,"SUV, Crossover",All-wheel drive (AWD),Automatic,Gasoline,125000,https://www.carproof.com/order?ref=kijiji&vin=wa1mfcfp9da004225,wa1mfcfp9da004225,,"Blackwater Crescent, Toronto, ON M1B 1L5, Canada"
Jaguar,XF,2010,9999,Blue,R,Used,Sedan,Rear-wheel drive (RWD),Automatic,Gasoline,208476,,,,"Keele Street, North York, ON"
BMW,X5,2019,58895,Black,APPLE CARPLAY | NAVI | PANO | CAMERA,Used,"SUV, Crossover",All-wheel drive (AWD),Automatic,Gasoline,89102,https://www.carproof.com/order?ref=kijiji&vin=5UXCR6C56KLK80634,5UXCR6C56KLK80634,,"2430 Finch Ave West,, North York, ON, M9M 2E1"
Honda,CR-V,2006,2500,Grey,Awd,Used,"SUV, Crossover",All-wheel drive (AWD),Automatic,Gasoline,370000,,,,"Martin Grove Road, Etobicoke, ON"
Mercedes-Benz,S-Class,2015,45800,Grey,"S550 4MATIC, 449HP, ACTIVE PARK PKG, PANO, 360 CAM",Used,Sedan,All-wheel drive (AWD),Automatic,Other,149179,https://www.carproof.com/order?ref=kijiji&vin=WDDUF8FBXFA150830,WDDUF8FBXFA150830,,"60 Martin Ross Avenue, Toronto, ON, M3J 2L4"
Nissan,MICRA,2018,15990,Blue,"S w/ Cruise Control, Keyless Entry, A/C",Used,Hatchback,Front-wheel drive (FWD),Automatic,Other,34315,,,,"12 Goldthorne, Etobicoke, ON, M8Z5S8"
Porsche,Panamera,2019,149800,White,"GTS Sport Turismo,AWD,PREMIUM PKG+,SPORT CHRONO,",Used,Sedan,All-wheel drive (AWD),Automatic,Other,25592,https://www.carproof.com/order?ref=kijiji&vin=WP0CG2A7XKL194022,WP0CG2A7XKL194022,,"60 Martin Ross Avenue, Toronto, ON, M3J 2L4"
Nissan,Murano,2016,22998,Grey,NAVI |CAM | HEATED SEATS | FULLY SERVICED | BLUE TOOTH |,Used,"SUV, Crossover",Front-wheel drive (FWD),Automatic,Other,119998,https://www.carproof.com/order?ref=kijiji&vin=5N1AZ2MG3GN132367,5N1AZ2MG3GN132367,,"1882 Lawrence Avenue East, Scarborough, ON, M1R 2Y5"
Ford,F-150,2018,41995,Red,4WD SuperCrew Box,Used,Pickup Truck,Front-wheel drive (FWD),Automatic,Other,57950,https://www.carproof.com/order?ref=kijiji&vin=1FTFW1EG6JFA99474,1FTFW1EG6JFA99474,,"4032b Finch Avenue East, Scarborough, ON, M1S 3T6"
Cadillac,Escalade,2007,6888,Black,FULLY LOADED - LEATHER - SUNROOF - HEATED SEAT'S,Used,"SUV, Crossover",All-wheel drive (AWD),Automatic,Gasoline,116200,https://www.carproof.com/order?ref=kijiji&vin=1gyfk63807r413254,1gyfk63807r413254,,"11 Saint Regis Crescent North, Toronto, ON, M3J 1Y9"
Honda,Civic,2006,2500,Black,,Used,Sedan,,,,340000,,,,"Toronto, ON M9L1V7"
Nissan,Sentra,2014,8200,Silver,SV,Used,Sedan,Front-wheel drive (FWD),Other,Gasoline,160000,https://www.carproof.com/order?ref=kijiji&vin=3n1ab7ap0e1671376,3n1ab7ap0e1671376,,"Toronto, ON M1B1L5"
BMW,3-Series,2020,48777,White,330i xDrive PREMIUM ENHANCED |NAV|HUD|360CAMERA|HUD|34KM,Used,Sedan,All-wheel drive (AWD),Automatic,Gasoline,34500,https://www.carproof.com/order?ref=kijiji&vin=3MW5R7J06L8B05358,3MW5R7J06L8B05358,,"1323 Kennedy Road, Scarborough, ON, M1P 2L6"
Audi,Q5,2013,18800,Black,2.0L Premium,Used,"SUV, Crossover",All-wheel drive (AWD),Automatic,Gasoline,125000,https://www.carproof.com/order?ref=kijiji&vin=wa1mfcfp9da004225,wa1mfcfp9da004225,,"Blackwater Crescent, Toronto, ON M1B 1L5, Canada"
,,0,0,,,,,,,,0,,,,
,,0,0,,,,,,,,0,,,,
,,0,0,,,,,,,,0,,,,
BMW,5-Series,2018,68800,Black,"M550i xDrive, 456 HP, AWD, MASSAGE, M AERO PKG,",Used,Sedan,All-wheel drive (AWD),Automatic,Other,41461,https://www.carproof.com/order?ref=kijiji&vin=WBAJB9C50JG464034,WBAJB9C50JG464034,,"60 Martin Ross Avenue, Toronto, ON, M3J 2L4"
GMC,Savana,2017,48888,White,G4500 16Ft Box - Extra Height - 6.0L V8 Gas + Ramp,Used,"Minivan, Van",Rear-wheel drive (RWD),Automatic,Gasoline,147000,https://www.carproof.com/order?ref=kijiji&vin=16CB-005107A,16CB-005107A,,"80 Toro Road, Toronto, ON, M3J 2A8"
BMW,X5,2020,89500,Grey,XDrive40i | M SPORT | Premium Enhanced | 21\ Wheel,Used,"SUV, Crossover",All-wheel drive (AWD),Automatic,Other,8409,https://www.carproof.com/order?ref=kijiji&vin=5UXCR6C03L9D38219,5UXCR6C03L9D38219,,"11 Sunlight Park Road, Toronto, ON, M4M 1B5"
Ram,1500,2019,60487,Blue,Sport|4X4|V8HEMI|CREW|6FT4-BOX|RAMLED|LEATHER|+++,Used,Pickup Truck,4 x 4,Automatic,Other,27518,https://www.carproof.com/order?ref=kijiji&vin=1C6SRFTT1KN704745,1C6SRFTT1KN704745,,"100 Toro Road, North York, ON, M3J 2A9"
Audi,A5,2018,42995,White,6 Speed Manual|Clean Carfax|Nav|B.Cam|Only 34km!,Used,Coupe (2 door),All-wheel drive (AWD),Manual,Other,34282,https://www.carproof.com/order?ref=kijiji&vin=WAUKNAF56JA044743,WAUKNAF56JA044743,,"2773 Dufferin St, North York, ON, M6B 3R6"
Jeep,Wrangler,2021,65790,Black,Unlimited Rubicon,New,"SUV, Crossover",4 x 4,,Gasoline,0,,,,"920 Kingston Road, Pickering, ON, L1V 1B3"
Cadillac,Escalade,2007,6888,Black,FULLY LOADED - LEATHER - SUNROOF - HEATED SEAT'S,Used,"SUV, Crossover",All-wheel drive (AWD),Automatic,Gasoline,116200,https://www.carproof.com/order?ref=kijiji&vin=1gyfk63807r413254,1gyfk63807r413254,,"11 Saint Regis Crescent North, Toronto, ON, M3J 1Y9"
Honda,Civic,2006,2500,Black,,Used,Sedan,,,,340000,,,,"Toronto, ON M9L1V7"
Nissan,Sentra,2014,8200,Silver,SV,Used,Sedan,Front-wheel drive (FWD),Other,Gasoline,160000,https://www.carproof.com/order?ref=kijiji&vin=3n1ab7ap0e1671376,3n1ab7ap0e1671376,,"Toronto, ON M1B1L5"
BMW,3-Series,2020,48777,White,330i xDrive PREMIUM ENHANCED |NAV|HUD|360CAMERA|HUD|34KM,Used,Sedan,All-wheel drive (AWD),Automatic,Gasoline,34500,https://www.carproof.com/order?ref=kijiji&vin=3MW5R7J06L8B05358,3MW5R7J06L8B05358,,"1323 Kennedy Road, Scarborough, ON, M1P 2L6"
Audi,Q5,2013,18800,Black,2.0L Premium,Used,"SUV, Crossover",All-wheel drive (AWD),Automatic,Gasoline,125000,https://www.carproof.com/order?ref=kijiji&vin=wa1mfcfp9da004225,wa1mfcfp9da004225,,"Blackwater Crescent, Toronto, ON M1B 1L5, Canada"
Jaguar,XF,2010,9999,Blue,R,Used,Sedan,Rear-wheel drive (RWD),Automatic,Gasoline,208476,,,,"Keele Street, North York, ON"
BMW,X5,2019,58895,Black,APPLE CARPLAY | NAVI | PANO | CAMERA,Used,"SUV, Crossover",All-wheel drive (AWD),Automatic,Gasoline,89102,https://www.carproof.com/order?ref=kijiji&vin=5UXCR6C56KLK80634,5UXCR6C56KLK80634,,"2430 Finch Ave West,, North York, ON, M9M 2E1"
Honda,CR-V,2006,2500,Grey,Awd,Used,"SUV, Crossover",All-wheel drive (AWD),Automatic,Gasoline,370000,,,,"Martin Grove Road, Etobicoke, ON"
Kia,Sorento,2016,17490,Grey,"LX W/Cruise Control, BT, Rear Sensors",Used,"SUV, Crossover",Front-wheel drive (FWD),Automatic,Other,119269,,,,"12 Goldthorne, Etobicoke, ON, M8Z5S8"
Audi,A5,2019,43990,White,Komfort,Used,Sedan,All-wheel drive (AWD),Automatic,Other,46978,,,,"55 Auction Ln, Brampton, ON, L6T 5V8"
Hyundai,Sonata,2017,21987,Blue,2.4L GLS|HEATED SEATS|BACKUP CAM|ALLOYS|SAFETYTECH,Used,Sedan,Front-wheel drive (FWD),Automatic,Other,85091,https://www.carproof.com/order?ref=kijiji&vin=5NPE24AF5HH537097,5NPE24AF5HH537097,,"100 Toro Road, North York, ON, M3J 2A9"
BMW,X5,2019,71800,Black,"XDrive40i,AWD,M-SPORT, NAV, PANO,HUD,360 CAMERA",Used,"SUV, Crossover",All-wheel drive (AWD),Automatic,Other,41057,https://www.carproof.com/order?ref=kijiji&vin=5UXCR6C5XKLK81057,5UXCR6C5XKLK81057,,"60 Martin Ross Avenue, Toronto, ON, M3J 2L4"
Nissan,Rogue,2015,24897,White,SL AWD|NAV|BOSE|360CAM|PANOROOF|LEATHER|SAFETYTECH,Used,"SUV, Crossover",All-wheel drive (AWD),Automatic,Other,80656,,,,"100 Toro Road, North York, ON, M3J 2A9"
Jeep,Wrangler,2021,65790,Black,Unlimited Rubicon,New,"SUV, Crossover",4 x 4,,Gasoline,0,,,,"920 Kingston Road, Pickering, ON, L1V 1B3"
Cadillac,Escalade,2007,6888,Black,FULLY LOADED - LEATHER - SUNROOF - HEATED SEAT'S,Used,"SUV, Crossover",All-wheel drive (AWD),Automatic,Gasoline,116200,https://www.carproof.com/order?ref=kijiji&vin=1gyfk63807r413254,1gyfk63807r413254,,"11 Saint Regis Crescent North, Toronto, ON, M3J 1Y9"
Honda,Civic,2006,2500,Black,,Used,Sedan,,,,340000,,,,"Toronto, ON M9L1V7"
Nissan,Sentra,2014,8200,Silver,SV,Used,Sedan,Front-wheel drive (FWD),Other,Gasoline,160000,https://www.carproof.com/order?ref=kijiji&vin=3n1ab7ap0e1671376,3n1ab7ap0e1671376,,"Toronto, ON M1B1L5"
BMW,3-Series,2020,48777,White,330i xDrive PREMIUM ENHANCED |NAV|HUD|360CAMERA|HUD|34KM,Used,Sedan,All-wheel drive (AWD),Automatic,Gasoline,34500,https://www.carproof.com/order?ref=kijiji&vin=3MW5R7J06L8B05358,3MW5R7J06L8B05358,,"1323 Kennedy Road, Scarborough, ON, M1P 2L6"
Audi,Q5,2013,18800,Black,2.0L Premium,Used,"SUV, Crossover",All-wheel drive (AWD),Automatic,Gasoline,125000,https://www.carproof.com/order?ref=kijiji&vin=wa1mfcfp9da004225,wa1mfcfp9da004225,,"Blackwater Crescent, Toronto, ON M1B 1L5, Canada"
Jaguar,XF,2010,9999,Blue,R,Used,Sedan,Rear-wheel drive (RWD),Automatic,Gasoline,208476,,,,"Keele Street, North York, ON"
BMW,X5,2019,58895,Black,APPLE CARPLAY | NAVI | PANO | CAMERA,Used,"SUV, Crossover",All-wheel drive (AWD),Automatic,Gasoline,89102,https://www.carproof.com/order?ref=kijiji&vin=5UXCR6C56KLK80634,5UXCR6C56KLK80634,,"2430 Finch Ave West,, North York, ON, M9M 2E1"
Honda,CR-V,2006,2500,Grey,Awd,Used,"SUV, Crossover",All-wheel drive (AWD),Automatic,Gasoline,370000,,,,"Martin Grove Road, Etobicoke, ON"
Bentley,Flying Spur,2015,129800,Other,"V8, 500HP, AWD,TWIN-TURBOCHARGED, NAV,CAM,SUNROOF",Used,Sedan,All-wheel drive (AWD),Automatic,Other,32847,https://www.carproof.com/order?ref=kijiji&vin=SCBET9ZA0FC042689,SCBET9ZA0FC042689,,"60 Martin Ross Avenue, Toronto, ON, M3J 2L4"
Nissan,Rogue,2016,23035,White,SV AWD,Used,"SUV, Crossover",All-wheel drive (AWD),Automatic,Gasoline,78432,,,,"275 West Hunt Club Road, Ottawa, ON, K2E 1A6"
Volvo,XC90,2016,30880,Grey,MOMENTUM T6 | 7 PASS | NAVI | CAM | ROOF | AWD |,Used,"SUV, Crossover",All-wheel drive (AWD),,Other,149998,https://www.carproof.com/order?ref=kijiji&vin=YV4A22PKXG1059365,YV4A22PKXG1059365,,"1882 Lawrence Avenue East, Scarborough, ON, M1R 2Y5"
BMW,3-Series,2015,21998,White,MINT CONDITION| ROOF | CLEAN CARFAX | HEATED SEATS |PDC|AWD,Used,Sedan,All-wheel drive (AWD),Automatic,Other,107240,https://www.carproof.com/order?ref=kijiji&vin=WBA3C3G59FNT52882,WBA3C3G59FNT52882,,"1882 Lawrence Avenue East, Scarborough, ON, M1R 2Y5"
Porsche,Macan,2015,37800,Silver,"Turbo, AWD, NAV, PREMIUM PLUS, HEATED/VENTED, CAM",Used,"SUV, Crossover",All-wheel drive (AWD),Automatic,Other,152205,https://www.carproof.com/order?ref=kijiji&vin=WP1AF1A58FLB98075,WP1AF1A58FLB98075,,"60 Martin Ross Avenue, Toronto, ON, M3J 2L4"
Jeep,Wrangler,2021,65790,Black,Unlimited Rubicon,New,"SUV, Crossover",4 x 4,,Gasoline,0,,,,"920 Kingston Road, Pickering, ON, L1V 1B3"
,,0,0,,,,,,,,0,,,,
,,0,0,,,,,,,,0,,,,
,,0,0,,,,,,,,0,,,,
,,0,0,,,,,,,,0,,,,
,,0,0,,,,,,,,0,,,,
Jaguar,XF,2010,9999,Blue,R,Used,Sedan,Rear-wheel drive (RWD),Automatic,Gasoline,208476,,,,"Keele Street, North York, ON"
BMW,X5,2019,58895,Black,APPLE CARPLAY | NAVI | PANO | CAMERA,Used,"SUV, Crossover",All-wheel drive (AWD),Automatic,Gasoline,89102,https://www.carproof.com/order?ref=kijiji&vin=5UXCR6C56KLK80634,5UXCR6C56KLK80634,,"2430 Finch Ave West,, North York, ON, M9M 2E1"
Porsche,911,2021,234777,Black,Carrera 4S Cabriolet PDK 443HP SPORT CORONO |NAV|CAMERA,Used,Coupe (2 door),All-wheel drive (AWD),Automatic,Gasoline,5300,https://www.carproof.com/order?ref=kijiji&vin=WP0CB2A92MS248065 ,WP0CB2A92MS248065,,"1323 Kennedy Road, Scarborough, ON, M1P 2L6"
Ford,Escape,2017,22492,Black,4WD | SE | CAMERA | REMOTE START,Used,"SUV, Crossover",4 x 4,Automatic,Other,87351,,,,"1290 King Street East, Kitchener, ON, N2G 2N7"
Mercedes-Benz,C-Class,2016,26995,Grey,C300 4MATIC *AMG Sport Pack*,Used,Sedan,All-wheel drive (AWD),Automatic,Other,103754,https://www.carproof.com/order?ref=kijiji&vin=55SWF4KB3GU160527,55SWF4KB3GU160527,,"2100 Lawrence Ave, Toronto, ON, M1R 2Z7"
Ford,Transit,2019,51888,White,T-350 148\WB High Roof -Diesel - Cruise/Btooth/Cam,Used,"Minivan, Van",Rear-wheel drive (RWD),Automatic,Diesel,149000,https://www.carproof.com/order?ref=kijiji&vin=1FTBW2XV9KKA32926,1FTBW2XV9KKA32926,,"80 Toro Road, Toronto, ON, M3J 2A8"
Hyundai,Sonata,2013,11000,Silver,,Used,Sedan,Front-wheel drive (FWD),Automatic,Gasoline,118000,,,,"Scarborough, ON M1K"
Jeep,Wrangler,2021,65790,Black,Unlimited Rubicon,New,"SUV, Crossover",4 x 4,,Gasoline,0,,,,"920 Kingston Road, Pickering, ON, L1V 1B3"
Cadillac,Escalade,2007,6888,Black,FULLY LOADED - LEATHER - SUNROOF - HEATED SEAT'S,Used,"SUV, Crossover",All-wheel drive (AWD),Automatic,Gasoline,116200,https://www.carproof.com/order?ref=kijiji&vin=1gyfk63807r413254,1gyfk63807r413254,,"11 Saint Regis Crescent North, Toronto, ON, M3J 1Y9"
Honda,Civic,2006,2500,Black,,Used,Sedan,,,,340000,,,,"Toronto, ON M9L1V7"
Nissan,Sentra,2014,8200,Silver,SV,Used,Sedan,Front-wheel drive (FWD),Other,Gasoline,160000,https://www.carproof.com/order?ref=kijiji&vin=3n1ab7ap0e1671376,3n1ab7ap0e1671376,,"Toronto, ON M1B1L5"
BMW,3-Series,2020,48777,White,330i xDrive PREMIUM ENHANCED |NAV|HUD|360CAMERA|HUD|34KM,Used,Sedan,All-wheel drive (AWD),Automatic,Gasoline,34500,https://www.carproof.com/order?ref=kijiji&vin=3MW5R7J06L8B05358,3MW5R7J06L8B05358,,"1323 Kennedy Road, Scarborough, ON, M1P 2L6"
Audi,Q5,2013,18800,Black,2.0L Premium,Used,"SUV, Crossover",All-wheel drive (AWD),Automatic,Gasoline,125000,https://www.carproof.com/order?ref=kijiji&vin=wa1mfcfp9da004225,wa1mfcfp9da004225,,"Blackwater Crescent, Toronto, ON M1B 1L5, Canada"
Jaguar,XF,2010,9999,Blue,R,Used,Sedan,Rear-wheel drive (RWD),Automatic,Gasoline,208476,,,,"Keele Street, North York, ON"
Lexus,Other,2007,6995,Silver,Premium,Used,Sedan,Front-wheel drive (FWD),Automatic,Gasoline,189588,https://www.carproof.com/order?ref=kijiji&vin=JTHBJ46G372071580,JTHBJ46G372071580,,"4690 Kingston Rd Unit 4, Scarborough, ON, M1E 2P9"
Toyota,RAV4,2018,26995,Other,LE | FWD | Radar Cruise,Used,"SUV, Crossover",Front-wheel drive (FWD),Automatic,Gasoline,48645,https://www.carproof.com/order?ref=kijiji&vin=2T3ZFREV2JW496284,2T3ZFREV2JW496284,,"1800 Toyo Circle, Mississauga, ON, L4W 0E7"
BMW,3-Series,2015,21998,White,MINT CONDITION| ROOF | CLEAN CARFAX | HEATED SEATS |PDC|AWD,Used,Sedan,All-wheel drive (AWD),Automatic,Other,107240,https://www.carproof.com/order?ref=kijiji&vin=WBA3C3G59FNT52882,WBA3C3G59FNT52882,,"1882 Lawrence Avenue East, Scarborough, ON, M1R 2Y5"
Ford,Bronco,2021,38969,Grey,Big Bend,Used,"SUV, Crossover",Other,Automatic,Other,4287,https://www.carproof.com/order?ref=kijiji&vin=3FMCR9B67MRB26866,3FMCR9B67MRB26866,,"940 Kingston Road, Pickering, ON, L1V 1B3"
Mercedes-Benz,M-Class,2007,12900,Black,"63, AWD , Leather, Sunroof, Low km,  3 Years warranty available",Used,"SUV, Crossover",All-wheel drive (AWD),Automatic,Gasoline,212000,https://www.carproof.com/order?ref=kijiji&vin=4jgbb77e87a168904,4jgbb77e87a168904,,"10 Le Page Court, North York, ON, M3J 1Z9"
Hyundai,Sonata,2013,11000,Silver,,Used,Sedan,Front-wheel drive (FWD),Automatic,Gasoline,118000,,,,"Scarborough, ON M1K"
Jeep,Wrangler,2021,65790,Black,Unlimited Rubicon,New,"SUV, Crossover",4 x 4,,Gasoline,0,,,,"920 Kingston Road, Pickering, ON, L1V 1B3"
Cadillac,Escalade,2007,6888,Black,FULLY LOADED - LEATHER - SUNROOF - HEATED SEAT'S,Used,"SUV, Crossover",All-wheel drive (AWD),Automatic,Gasoline,116200,https://www.carproof.com/order?ref=kijiji&vin=1gyfk63807r413254,1gyfk63807r413254,,"11 Saint Regis Crescent North, Toronto, ON, M3J 1Y9"
Honda,Civic,2006,2500,Black,,Used,Sedan,,,,340000,,,,"Toronto, ON M9L1V7"
Nissan,Sentra,2014,8200,Silver,SV,Used,Sedan,Front-wheel drive (FWD),Other,Gasoline,160000,https://www.carproof.com/order?ref=kijiji&vin=3n1ab7ap0e1671376,3n1ab7ap0e1671376,,"Toronto, ON M1B1L5"
BMW,3-Series,2020,48777,White,330i xDrive PREMIUM ENHANCED |NAV|HUD|360CAMERA|HUD|34KM,Used,Sedan,All-wheel drive (AWD),Automatic,Gasoline,34500,https://www.carproof.com/order?ref=kijiji&vin=3MW5R7J06L8B05358,3MW5R7J06L8B05358,,"1323 Kennedy Road, Scarborough, ON, M1P 2L6"
Audi,Q5,2013,18800,Black,2.0L Premium,Used,"SUV, Crossover",All-wheel drive (AWD),Automatic,Gasoline,125000,https://www.carproof.com/order?ref=kijiji&vin=wa1mfcfp9da004225,wa1mfcfp9da004225,,"Blackwater Crescent, Toronto, ON M1B 1L5, Canada"
Volkswagen,Jetta,2019,33995,Grey,GLI 35thEdition|6Speed Manual|Fully Loaded|Waranty,Used,Sedan,Front-wheel drive (FWD),Manual,Other,67563,https://www.carproof.com/order?ref=kijiji&vin=3VW5T7BU0KM168871,3VW5T7BU0KM168871,,"2773 Dufferin St, North York, ON, M6B 3R6"
Toyota,Corolla,2020,24999,White,,Used,Sedan,Front-wheel drive (FWD),,Gasoline,58474,https://www.carproof.com/order?ref=kijiji&vin=5YFBPRBE8LP082751,5YFBPRBE8LP082751,,"1962 Eagle Street North, Cambridge, ON, N3H 0A1"
Ford,F-150,2018,34988,Grey,XLT 4WD SuperCrew 5.,Used,Pickup Truck,Other,Automatic,Other,131706,https://www.carproof.com/order?ref=kijiji&vin=1FTEW1E54JFC84505,1FTEW1E54JFC84505,,"79 East Don Roadway, Toronto, ON, M4M 2A5"
Hyundai,Santa Fe,2015,16490,Silver,"2.4L W/ Heated Front Seats, Bluetooth, AC",Used,"SUV, Crossover",Front-wheel drive (FWD),Automatic,Other,109353,,,,"12 Goldthorne, Etobicoke, ON, M8Z5S8"
Kia,Forte,2018,18999,Blue,"LX Plus, Back up Camera, Heated Seats, Bluetoothh",Used,Sedan,Front-wheel drive (FWD),Automatic,Gasoline,41692,https://www.carproof.com/order?ref=kijiji&vin=3KPFL4A76JE245317,3KPFL4A76JE245317,,"3675 Keele Street, Toronto, ON, M3J 1M6"
Hyundai,Sonata,2013,11000,Silver,,Used,Sedan,Front-wheel drive (FWD),Automatic,Gasoline,118000,,,,"Scarborough, ON M1K"
Jeep,Wrangler,2021,65790,Black,Unlimited Rubicon,New,"SUV, Crossover",4 x 4,,Gasoline,0,,,,"920 Kingston Road, Pickering, ON, L1V 1B3"
Cadillac,Escalade,2007,6888,Black,FULLY LOADED - LEATHER - SUNROOF - HEATED SEAT'S,Used,"SUV, Crossover",All-wheel drive (AWD),Automatic,Gasoline,116200,https://www.carproof.com/order?ref=kijiji&vin=1gyfk63807r413254,1gyfk63807r413254,,"11 Saint Regis Crescent North, Toronto, ON, M3J 1Y9"
,,0,0,,,,,,,,0,,,,
,,0,0,,,,,,,,0,,,,
,,0,0,,,,,,,,0,,,,
,,0,0,,,,,,,,0,,,,
Chevrolet,Corvette,2020,123800,Red,"Stingray Coupe, 490HP, PERFORMANCE EXHAUST, BOSE",Used,Coupe (2 door),Rear-wheel drive (RWD),Automatic,Other,6206,https://www.carproof.com/order?ref=kijiji&vin=1G1Y62D48L5112796,1G1Y62D48L5112796,,"60 Martin Ross Avenue, Toronto, ON, M3J 2L4"
Kia,Forte,2018,18999,Blue,"LX Plus, Back up Camera, Heated Seats, Bluetoothh",Used,Sedan,Front-wheel drive (FWD),Automatic,Gasoline,41692,https://www.carproof.com/order?ref=kijiji&vin=3KPFL4A76JE245317,3KPFL4A76JE245317,,"3675 Keele Street, Toronto, ON, M3J 1M6"
BMW,7-Series,2019,79900,Grey,XDrive | M Sport | Advanced Driver Assistance Pack,Used,Sedan,Other,Automatic,Other,27055,https://www.carproof.com/order?ref=kijiji&vin=WBA7J2C52KB246471,WBA7J2C52KB246471,,"11 Sunlight Park Road, Toronto, ON, M4M 1B5"
Mercedes-Benz,C-Class,2018,49495,Black,C300|4MATIC|CABRIOLET|NAV|BURMESTER|360CAM|LEATHER,Used,Convertible,All-wheel drive (AWD),Automatic,Other,56596,,,,"100 Toro Road, North York, ON, M3J 2A9"
Hyundai,Sonata,2013,11000,Silver,,Used,Sedan,Front-wheel drive (FWD),Automatic,Gasoline,118000,,,,"Scarborough, ON M1K"
Jeep,Wrangler,2021,65790,Black,Unlimited Rubicon,New,"SUV, Crossover",4 x 4,,Gasoline,0,,,,"920 Kingston Road, Pickering, ON, L1V 1B3"
Cadillac,Escalade,2007,6888,Black,FULLY LOADED - LEATHER - SUNROOF - HEATED SEAT'S,Used,"SUV, Crossover",All-wheel drive (AWD),Automatic,Gasoline,116200,https://www.carproof.com/order?ref=kijiji&vin=1gyfk63807r413254,1gyfk63807r413254,,"11 Saint Regis Crescent North, Toronto, ON, M3J 1Y9"
Honda,Civic,2006,2500,Black,,Used,Sedan,,,,340000,,,,"Toronto, ON M9L1V7"
Nissan,Sentra,2014,8200,Silver,SV,Used,Sedan,Front-wheel drive (FWD),Other,Gasoline,160000,https://www.carproof.com/order?ref=kijiji&vin=3n1ab7ap0e1671376,3n1ab7ap0e1671376,,"Toronto, ON M1B1L5"
BMW,3-Series,2020,48777,White,330i xDrive PREMIUM ENHANCED |NAV|HUD|360CAMERA|HUD|34KM,Used,Sedan,All-wheel drive (AWD),Automatic,Gasoline,34500,https://www.carproof.com/order?ref=kijiji&vin=3MW5R7J06L8B05358,3MW5R7J06L8B05358,,"1323 Kennedy Road, Scarborough, ON, M1P 2L6"
Audi,Q5,2013,18800,Black,2.0L Premium,Used,"SUV, Crossover",All-wheel drive (AWD),Automatic,Gasoline,125000,https://www.carproof.com/order?ref=kijiji&vin=wa1mfcfp9da004225,wa1mfcfp9da004225,,"Blackwater Crescent, Toronto, ON M1B 1L5, Canada"
Honda,Pilot,2021,53995,Black,Touring 7P,Used,"SUV, Crossover",All-wheel drive (AWD),Automatic,Gasoline,12795,,,,"3400 Dufferin Street, Toronto, ON, M6A 2V1"
Nissan,Frontier,2018,36988,Other,PRO 4-X,Used,Other,4 x 4,Automatic,Other,23015,https://www.carproof.com/order?ref=kijiji&vin=1N6AD0EV0JN770407,1N6AD0EV0JN770407,,"2001 Ontario Street East, Stratford, ON, N5A 6S5"
BMW,X6,2015,62800,Black,"MSport, 567HP, AWD, CARBON FIBER, 360, DRIVING PKG",Used,"SUV, Crossover",All-wheel drive (AWD),Automatic,Other,70615,https://www.carproof.com/order?ref=kijiji&vin=5YMKW8C57F0R42883,5YMKW8C57F0R42883,,"60 Martin Ross Avenue, Toronto, ON, M3J 2L4"
Mercedes-Benz,S-Class,2017,103800,Black,"AMG S63, AWD, DISTRONIC PLUS, NAV, PANO, 360 CAM",Used,Sedan,All-wheel drive (AWD),Automatic,Other,64901,https://www.carproof.com/order?ref=kijiji&vin=WDDUG7JB6HA308260,WDDUG7JB6HA308260,,"60 Martin Ross Avenue, Toronto, ON, M3J 2L4"
Hyundai,Sonata,2013,11000,Silver,,Used,Sedan,Front-wheel drive (FWD),Automatic,Gasoline,118000,,,,"Scarborough, ON M1K"
Jeep,Wrangler,2021,65790,Black,Unlimited Rubicon,New,"SUV, Crossover",4 x 4,,Gasoline,0,,,,"920 Kingston Road, Pickering, ON, L1V 1B3"
Cadillac,Escalade,2007,6888,Black,FULLY LOADED - LEATHER - SUNROOF - HEATED SEAT'S,Used,"SUV, Crossover",All-wheel drive (AWD),Automatic,Gasoline,116200,https://www.carproof.com/order?ref=kijiji&vin=1gyfk63807r413254,1gyfk63807r413254,,"11 Saint Regis Crescent North, Toronto, ON, M3J 1Y9"
Honda,Civic,2006,2500,Black,,Used,Sedan,,,,340000,,,,"Toronto, ON M9L1V7"
Nissan,Sentra,2014,8200,Silver,SV,Used,Sedan,Front-wheel drive (FWD),Other,Gasoline,160000,https://www.carproof.com/order?ref=kijiji&vin=3n1ab7ap0e1671376,3n1ab7ap0e1671376,,"Toronto, ON M1B1L5"
BMW,3-Series,2020,48777,White,330i xDrive PREMIUM ENHANCED |NAV|HUD|360CAMERA|HUD|34KM,Used,Sedan,All-wheel drive (AWD),Automatic,Gasoline,34500,https://www.carproof.com/order?ref=kijiji&vin=3MW5R7J06L8B05358,3MW5R7J06L8B05358,,"1323 Kennedy Road, Scarborough, ON, M1P 2L6"
Audi,Q5,2013,18800,Black,2.0L Premium,Used,"SUV, Crossover",All-wheel drive (AWD),Automatic,Gasoline,125000,https://www.carproof.com/order?ref=kijiji&vin=wa1mfcfp9da004225,wa1mfcfp9da004225,,"Blackwater Crescent, Toronto, ON M1B 1L5, Canada"
Land Rover,Range Rover,2016,71800,White,"Supercharged, SWB, V8 ,510HP ,PANO, MASSAGE SEATS",Used,"SUV, Crossover",All-wheel drive (AWD),Automatic,Other,64403,https://www.carproof.com/order?ref=kijiji&vin=SALGS2EF0GA272661,SALGS2EF0GA272661,,"60 Martin Ross Avenue, Toronto, ON, M3J 2L4"
Nissan,Frontier,2018,36988,Other,PRO 4-X,Used,Other,4 x 4,Automatic,Other,23015,https://www.carproof.com/order?ref=kijiji&vin=1N6AD0EV0JN770407,1N6AD0EV0JN770407,,"2001 Ontario Street East, Stratford, ON, N5A 6S5"
Ford,Escape,2010,8999,Black,XLT,Used,"SUV, Crossover",4 x 4,Automatic,Gasoline,81861,https://www.carproof.com/order?ref=kijiji&vin=1FMCU9DG1AKC87413,1FMCU9DG1AKC87413,,"Toronto, ON, M1P, CA"
Chevrolet,Corvette,2019,79800,Red,"Stingray Convertible, 455HP, CAM, KEYLESS",Used,Convertible,Rear-wheel drive (RWD),Automatic,Other,21630,https://www.carproof.com/order?ref=kijiji&vin=1G1YB3D75K5104360,1G1YB3D75K5104360,,"60 Martin Ross Avenue, Toronto, ON, M3J 2L4"
BMW,M5,2006,49800,Black,"5.0 LITER V10, 500 HP, RWD, NAVI, PDC",Used,Sedan,Rear-wheel drive (RWD),Automatic,Other,53504,https://www.carproof.com/order?ref=kijiji&vin=WBSNB93536B583651,WBSNB93536B583651,,"60 Martin Ross Avenue, Toronto, ON, M3J 2L4"
Hyundai,Sonata,2013,11000,Silver,,Used,Sedan,Front-wheel drive (FWD),Automatic,Gasoline,118000,,,,"Scarborough, ON M1K"
Jeep,Wrangler,2021,65790,Black,Unlimited Rubicon,New,"SUV, Crossover",4 x 4,,Gasoline,0,,,,"920 Kingston Road, Pickering, ON, L1V 1B3"
Cadillac,Escalade,2007,6888,Black,FULLY LOADED - LEATHER - SUNROOF - HEATED SEAT'S,Used,"SUV, Crossover",All-wheel drive (AWD),Automatic,Gasoline,116200,https://www.carproof.com/order?ref=kijiji&vin=1gyfk63807r413254,1gyfk63807r413254,,"11 Saint Regis Crescent North, Toronto, ON, M3J 1Y9"
Honda,Civic,2006,2500,Black,,Used,Sedan,,,,340000,,,,"Toronto, ON M9L1V7"
Nissan,Sentra,2014,8200,Silver,SV,Used,Sedan,Front-wheel drive (FWD),Other,Gasoline,160000,https://www.carproof.com/order?ref=kijiji&vin=3n1ab7ap0e1671376,3n1ab7ap0e1671376,,"Toronto, ON M1B1L5"
BMW,3-Series,2020,48777,White,330i xDrive PREMIUM ENHANCED |NAV|HUD|360CAMERA|HUD|34KM,Used,Sedan,All-wheel drive (AWD),Automatic,Gasoline,34500,https://www.carproof.com/order?ref=kijiji&vin=3MW5R7J06L8B05358,3MW5R7J06L8B05358,,"1323 Kennedy Road, Scarborough, ON, M1P 2L6"
Audi,Q5,2013,18800,Black,2.0L Premium,Used,"SUV, Crossover",All-wheel drive (AWD),Automatic,Gasoline,125000,https://www.carproof.com/order?ref=kijiji&vin=wa1mfcfp9da004225,wa1mfcfp9da004225,,"Blackwater Crescent, Toronto, ON M1B 1L5, Canada"
Ram,1500,2019,57995,Black,LIMITED**HEMI**LEATHER**12 TOUCHSCREEN**NAV**BACK UP CAM**,Used,Pickup Truck,4 x 4,Automatic,Gasoline,86077,https://www.carproof.com/order?ref=kijiji&vin=1C6SRFHT5KN595344,1C6SRFHT5KN595344,,"5280 Dixie Road, Mississauga, ON, L4W 2A7"
Toyota,4Runner,2019,53988,Black,SR5,Used,"SUV, Crossover",4 x 4,Automatic,Gasoline,24688,,,,"3300 Steeles Avenue East, Markham, ON, L3R 1G9"
Hyundai,Sonata,2013,11000,Silver,,Used,Sedan,Front-wheel drive (FWD),Automatic,Gasoline,118000,,,,"Scarborough, ON M1K"
Jeep,Wrangler,2021,65790,Black,Unlimited Rubicon,New,"SUV, Crossover",4 x 4,,Gasoline,0,,,,"920 Kingston Road, Pickering, ON, L1V 1B3"
Cadillac,Escalade,2007,6888,Black,FULLY LOADED - LEATHER - SUNROOF - HEATED SEAT'S,Used,"SUV, Crossover",All-wheel drive (AWD),Automatic,Gasoline,116200,https://www.carproof.com/order?ref=kijiji&vin=1gyfk63807r413254,1gyfk63807r413254,,"11 Saint Regis Crescent North, Toronto, ON, M3J 1Y9"
Honda,Civic,2006,2500,Black,,Used,Sedan,,,,340000,,,,"Toronto, ON M9L1V7"
Nissan,Sentra,2014,8200,Silver,SV,Used,Sedan,Front-wheel drive (FWD),Other,Gasoline,160000,https://www.carproof.com/order?ref=kijiji&vin=3n1ab7ap0e1671376,3n1ab7ap0e1671376,,"Toronto, ON M1B1L5"
BMW,3-Series,2020,48777,White,330i xDrive PREMIUM ENHANCED |NAV|HUD|360CAMERA|HUD|34KM,Used,Sedan,All-wheel drive (AWD),Automatic,Gasoline,34500,https://www.carproof.com/order?ref=kijiji&vin=3MW5R7J06L8B05358,3MW5R7J06L8B05358,,"1323 Kennedy Road, Scarborough, ON, M1P 2L6"
Audi,Q5,2013,18800,Black,2.0L Premium,Used,"SUV, Crossover",All-wheel drive (AWD),Automatic,Gasoline,125000,https://www.carproof.com/order?ref=kijiji&vin=wa1mfcfp9da004225,wa1mfcfp9da004225,,"Blackwater Crescent, Toronto, ON M1B 1L5, Canada"
